2026-10-02 10:19:10,911 [INFO] serial_rpc_logger: -----------------------------------------------
2026-10-02 10:19:10,911 [INFO] serial_rpc_logger: Parameter set ID: 0
2026-10-02 10:19:10,911 [INFO] serial_rpc_logger: Parameter group: request
2026-10-02 10:19:10,912 [INFO] serial_rpc_logger: Parameter set name: led_0_control
2026-10-02 10:19:10,912 [INFO] serial_rpc_logger: Parameter name: set_led_0_state
2026-10-02 10:19:10,912 [INFO] serial_rpc_logger: Parameter value: 0
2026-10-02 10:19:10,912 [INFO] serial_rpc_logger: -----------------------------------------------
2026-10-02 10:19:10,912 [INFO] serial_rpc_logger: -----------------------------------------------
2026-10-02 10:19:10,912 [INFO] serial_rpc_logger: Parameter set ID: 0
2026-10-02 10:19:10,912 [INFO] serial_rpc_logger: Parameter group: request
2026-10-02 10:19:10,912 [INFO] serial_rpc_logger: Parameter set name: led_0_control
2026-10-02 10:19:10,912 [INFO] serial_rpc_logger: Parameter name: led_0_state
2026-10-02 10:19:10,912 [INFO] serial_rpc_logger: Parameter value: 0
2026-10-02 10:19:10,912 [INFO] serial_rpc_logger: -----------------------------------------------
2026-10-02 10:19:10,912 [INFO] serial_rpc_logger: -----------------------------------------------
2026-10-02 10:19:10,912 [INFO] serial_rpc_logger: Parameter set ID: 0
2026-10-02 10:19:10,912 [INFO] serial_rpc_logger: Parameter group: request
2026-10-02 10:19:10,912 [INFO] serial_rpc_logger: Parameter set name: led_0_control
2026-10-02 10:19:10,912 [INFO] serial_rpc_logger: Parameter name: set_led_0_blink_count
2026-10-02 10:19:10,912 [INFO] serial_rpc_logger: Parameter value: 0
2026-10-02 10:19:10,912 [INFO] serial_rpc_logger: -----------------------------------------------
2026-10-02 10:19:10,913 [INFO] serial_rpc_logger: -----------------------------------------------
2026-10-02 10:19:10,913 [INFO] serial_rpc_logger: Parameter set ID: 0
2026-10-02 10:19:10,913 [INFO] serial_rpc_logger: Parameter group: request
2026-10-02 10:19:10,913 [INFO] serial_rpc_logger: Parameter set name: led_0_control
2026-10-02 10:19:10,913 [INFO] serial_rpc_logger: Parameter name: led_0_blink_count
2026-10-02 10:19:10,913 [INFO] serial_rpc_logger: Parameter value: 0
2026-10-02 10:19:10,913 [INFO] serial_rpc_logger: -----------------------------------------------
2026-10-02 10:19:10,913 [INFO] serial_rpc_logger: -----------------------------------------------
2026-10-02 10:19:10,913 [INFO] serial_rpc_logger: Parameter set ID: 0
2026-10-02 10:19:10,913 [INFO] serial_rpc_logger: Parameter group: request
2026-10-02 10:19:10,913 [INFO] serial_rpc_logger: Parameter set name: led_0_control
2026-10-02 10:19:10,913 [INFO] serial_rpc_logger: Parameter name: set_led_0_blink_interval_ms
2026-10-02 10:19:10,913 [INFO] serial_rpc_logger: Parameter value: 0
2026-10-02 10:19:10,913 [INFO] serial_rpc_logger: -----------------------------------------------
2026-10-02 10:19:10,913 [INFO] serial_rpc_logger: -----------------------------------------------
2026-10-02 10:19:10,913 [INFO] serial_rpc_logger: Parameter set ID: 0
2026-10-02 10:19:10,913 [INFO] serial_rpc_logger: Parameter group: request
2026-10-02 10:19:10,913 [INFO] serial_rpc_logger: Parameter set name: led_0_control
2026-10-02 10:19:10,913 [INFO] serial_rpc_logger: Parameter name: led_0_blink_interval_ms
2026-10-02 10:19:10,913 [INFO] serial_rpc_logger: Parameter value: 0
2026-10-02 10:19:10,913 [INFO] serial_rpc_logger: -----------------------------------------------
2026-10-02 10:19:10,913 [INFO] serial_rpc_logger: -----------------------------------------------
2026-10-02 10:19:10,913 [INFO] serial_rpc_logger: Parameter set ID: 0
2026-10-02 10:19:10,913 [INFO] serial_rpc_logger: Parameter group: request
2026-10-02 10:19:10,914 [INFO] serial_rpc_logger: Parameter set name: led_0_control
2026-10-02 10:19:10,914 [INFO] serial_rpc_logger: Parameter name: led_0_blink
2026-10-02 10:19:10,914 [INFO] serial_rpc_logger: Parameter value: 0
2026-10-02 10:19:10,914 [INFO] serial_rpc_logger: -----------------------------------------------
2026-10-02 10:19:10,914 [INFO] serial_rpc_logger: -----------------------------------------------
2026-10-02 10:19:10,914 [INFO] serial_rpc_logger: Parameter set ID: 1
2026-10-02 10:19:10,914 [INFO] serial_rpc_logger: Parameter group: request
2026-10-02 10:19:10,914 [INFO] serial_rpc_logger: Parameter set name: led_0_status
2026-10-02 10:19:10,914 [INFO] serial_rpc_logger: Parameter name: dummy
2026-10-02 10:19:10,914 [INFO] serial_rpc_logger: Parameter value: 0
2026-10-02 10:19:10,914 [INFO] serial_rpc_logger: -----------------------------------------------
2026-10-02 10:19:10,914 [INFO] serial_rpc_logger: -----------------------------------------------
2026-10-02 10:19:10,914 [INFO] serial_rpc_logger: Parameter set ID: 2
2026-10-02 10:19:10,914 [INFO] serial_rpc_logger: Parameter group: request
2026-10-02 10:19:10,914 [INFO] serial_rpc_logger: Parameter set name: led_1_control
2026-10-02 10:19:10,914 [INFO] serial_rpc_logger: Parameter name: set_led_1_state
2026-10-02 10:19:10,914 [INFO] serial_rpc_logger: Parameter value: 0
2026-10-02 10:19:10,914 [INFO] serial_rpc_logger: -----------------------------------------------
2026-10-02 10:19:10,914 [INFO] serial_rpc_logger: -----------------------------------------------
2026-10-02 10:19:10,914 [INFO] serial_rpc_logger: Parameter set ID: 2
2026-10-02 10:19:10,914 [INFO] serial_rpc_logger: Parameter group: request
2026-10-02 10:19:10,914 [INFO] serial_rpc_logger: Parameter set name: led_1_control
2026-10-02 10:19:10,914 [INFO] serial_rpc_logger: Parameter name: led_1_state
2026-10-02 10:19:10,914 [INFO] serial_rpc_logger: Parameter value: 0
2026-10-02 10:19:10,914 [INFO] serial_rpc_logger: -----------------------------------------------
2026-10-02 10:19:10,914 [INFO] serial_rpc_logger: -----------------------------------------------
2026-10-02 10:19:10,914 [INFO] serial_rpc_logger: Parameter set ID: 2
2026-10-02 10:19:10,914 [INFO] serial_rpc_logger: Parameter group: request
2026-10-02 10:19:10,914 [INFO] serial_rpc_logger: Parameter set name: led_1_control
2026-10-02 10:19:10,915 [INFO] serial_rpc_logger: Parameter name: set_led_1_blink_count
2026-10-02 10:19:10,915 [INFO] serial_rpc_logger: Parameter value: 0
2026-10-02 10:19:10,915 [INFO] serial_rpc_logger: -----------------------------------------------
2026-10-02 10:19:10,915 [INFO] serial_rpc_logger: -----------------------------------------------
2026-10-02 10:19:10,915 [INFO] serial_rpc_logger: Parameter set ID: 2
2026-10-02 10:19:10,915 [INFO] serial_rpc_logger: Parameter group: request
2026-10-02 10:19:10,915 [INFO] serial_rpc_logger: Parameter set name: led_1_control
2026-10-02 10:19:10,915 [INFO] serial_rpc_logger: Parameter name: led_1_blink_count
2026-10-02 10:19:10,915 [INFO] serial_rpc_logger: Parameter value: 0
2026-10-02 10:19:10,915 [INFO] serial_rpc_logger: -----------------------------------------------
2026-10-02 10:19:10,915 [INFO] serial_rpc_logger: -----------------------------------------------
2026-10-02 10:19:10,915 [INFO] serial_rpc_logger: Parameter set ID: 2
2026-10-02 10:19:10,915 [INFO] serial_rpc_logger: Parameter group: request
2026-10-02 10:19:10,915 [INFO] serial_rpc_logger: Parameter set name: led_1_control
2026-10-02 10:19:10,915 [INFO] serial_rpc_logger: Parameter name: set_led_1_blink_interval_ms
2026-10-02 10:19:10,915 [INFO] serial_rpc_logger: Parameter value: 0
2026-10-02 10:19:10,915 [INFO] serial_rpc_logger: -----------------------------------------------
2026-10-02 10:19:10,915 [INFO] serial_rpc_logger: -----------------------------------------------
2026-10-02 10:19:10,915 [INFO] serial_rpc_logger: Parameter set ID: 2
2026-10-02 10:19:10,915 [INFO] serial_rpc_logger: Parameter group: request
2026-10-02 10:19:10,915 [INFO] serial_rpc_logger: Parameter set name: led_1_control
2026-10-02 10:19:10,915 [INFO] serial_rpc_logger: Parameter name: led_1_blink_interval_ms
2026-10-02 10:19:10,915 [INFO] serial_rpc_logger: Parameter value: 0
2026-10-02 10:19:10,915 [INFO] serial_rpc_logger: -----------------------------------------------
2026-10-02 10:19:10,915 [INFO] serial_rpc_logger: -----------------------------------------------
2026-10-02 10:19:10,915 [INFO] serial_rpc_logger: Parameter set ID: 2
2026-10-02 10:19:10,915 [INFO] serial_rpc_logger: Parameter group: request
2026-10-02 10:19:10,915 [INFO] serial_rpc_logger: Parameter set name: led_1_control
2026-10-02 10:19:10,915 [INFO] serial_rpc_logger: Parameter name: led_1_blink
2026-10-02 10:19:10,915 [INFO] serial_rpc_logger: Parameter value: 0
2026-10-02 10:19:10,915 [INFO] serial_rpc_logger: -----------------------------------------------
2026-10-02 10:19:10,915 [INFO] serial_rpc_logger: -----------------------------------------------
2026-10-02 10:19:10,916 [INFO] serial_rpc_logger: Parameter set ID: 3
2026-10-02 10:19:10,916 [INFO] serial_rpc_logger: Parameter group: request
2026-10-02 10:19:10,916 [INFO] serial_rpc_logger: Parameter set name: led_1_status
2026-10-02 10:19:10,916 [INFO] serial_rpc_logger: Parameter name: dummy
2026-10-02 10:19:10,916 [INFO] serial_rpc_logger: Parameter value: 0
2026-10-02 10:19:10,916 [INFO] serial_rpc_logger: -----------------------------------------------
2026-10-02 10:19:10,916 [INFO] serial_rpc_logger: -----------------------------------------------
2026-10-02 10:19:10,916 [INFO] serial_rpc_logger: Parameter set ID: 4
2026-10-02 10:19:10,916 [INFO] serial_rpc_logger: Parameter group: request
2026-10-02 10:19:10,916 [INFO] serial_rpc_logger: Parameter set name: button_0_control
2026-10-02 10:19:10,916 [INFO] serial_rpc_logger: Parameter name: reset
2026-10-02 10:19:10,916 [INFO] serial_rpc_logger: Parameter value: 0
2026-10-02 10:19:10,916 [INFO] serial_rpc_logger: -----------------------------------------------
2026-10-02 10:19:10,916 [INFO] serial_rpc_logger: -----------------------------------------------
2026-10-02 10:19:10,916 [INFO] serial_rpc_logger: Parameter set ID: 5
2026-10-02 10:19:10,916 [INFO] serial_rpc_logger: Parameter group: request
2026-10-02 10:19:10,916 [INFO] serial_rpc_logger: Parameter set name: button_0_status
2026-10-02 10:19:10,916 [INFO] serial_rpc_logger: Parameter name: dummy
2026-10-02 10:19:10,916 [INFO] serial_rpc_logger: Parameter value: 0
2026-10-02 10:19:10,916 [INFO] serial_rpc_logger: -----------------------------------------------
2026-10-02 10:19:10,916 [INFO] serial_rpc_logger: -----------------------------------------------
2026-10-02 10:19:10,916 [INFO] serial_rpc_logger: Parameter set ID: 6
2026-10-02 10:19:10,916 [INFO] serial_rpc_logger: Parameter group: request
2026-10-02 10:19:10,916 [INFO] serial_rpc_logger: Parameter set name: button_1_control
2026-10-02 10:19:10,916 [INFO] serial_rpc_logger: Parameter name: reset
2026-10-02 10:19:10,916 [INFO] serial_rpc_logger: Parameter value: 0
2026-10-02 10:19:10,916 [INFO] serial_rpc_logger: -----------------------------------------------
2026-10-02 10:19:10,917 [INFO] serial_rpc_logger: -----------------------------------------------
2026-10-02 10:19:10,917 [INFO] serial_rpc_logger: Parameter set ID: 7
2026-10-02 10:19:10,917 [INFO] serial_rpc_logger: Parameter group: request
2026-10-02 10:19:10,917 [INFO] serial_rpc_logger: Parameter set name: button_1_status
2026-10-02 10:19:10,917 [INFO] serial_rpc_logger: Parameter name: dummy
2026-10-02 10:19:10,917 [INFO] serial_rpc_logger: Parameter value: 0
2026-10-02 10:19:10,917 [INFO] serial_rpc_logger: -----------------------------------------------
2026-10-02 10:19:10,917 [INFO] serial_rpc_logger: -----------------------------------------------
2026-10-02 10:19:10,917 [INFO] serial_rpc_logger: Parameter set ID: 0
2026-10-02 10:19:10,917 [INFO] serial_rpc_logger: Parameter group: response
2026-10-02 10:19:10,917 [INFO] serial_rpc_logger: Parameter set name: led_0_control
2026-10-02 10:19:10,917 [INFO] serial_rpc_logger: Parameter name: dummy
2026-10-02 10:19:10,917 [INFO] serial_rpc_logger: Parameter value: 0
2026-10-02 10:19:10,917 [INFO] serial_rpc_logger: -----------------------------------------------
2026-10-02 10:19:10,917 [INFO] serial_rpc_logger: -----------------------------------------------
2026-10-02 10:19:10,917 [INFO] serial_rpc_logger: Parameter set ID: 1
2026-10-02 10:19:10,917 [INFO] serial_rpc_logger: Parameter group: response
2026-10-02 10:19:10,917 [INFO] serial_rpc_logger: Parameter set name: led_0_status
2026-10-02 10:19:10,917 [INFO] serial_rpc_logger: Parameter name: led_0_state
2026-10-02 10:19:10,917 [INFO] serial_rpc_logger: Parameter value: 0
2026-10-02 10:19:10,917 [INFO] serial_rpc_logger: -----------------------------------------------
2026-10-02 10:19:10,917 [INFO] serial_rpc_logger: -----------------------------------------------
2026-10-02 10:19:10,917 [INFO] serial_rpc_logger: Parameter set ID: 1
2026-10-02 10:19:10,917 [INFO] serial_rpc_logger: Parameter group: response
2026-10-02 10:19:10,917 [INFO] serial_rpc_logger: Parameter set name: led_0_status
2026-10-02 10:19:10,917 [INFO] serial_rpc_logger: Parameter name: led_0_total_blink_count
2026-10-02 10:19:10,918 [INFO] serial_rpc_logger: Parameter value: 0
2026-10-02 10:19:10,918 [INFO] serial_rpc_logger: -----------------------------------------------
2026-10-02 10:19:10,918 [INFO] serial_rpc_logger: -----------------------------------------------
2026-10-02 10:19:10,918 [INFO] serial_rpc_logger: Parameter set ID: 2
2026-10-02 10:19:10,918 [INFO] serial_rpc_logger: Parameter group: response
2026-10-02 10:19:10,918 [INFO] serial_rpc_logger: Parameter set name: led_1_control
2026-10-02 10:19:10,918 [INFO] serial_rpc_logger: Parameter name: dummy
2026-10-02 10:19:10,918 [INFO] serial_rpc_logger: Parameter value: 0
2026-10-02 10:19:10,918 [INFO] serial_rpc_logger: -----------------------------------------------
2026-10-02 10:19:10,918 [INFO] serial_rpc_logger: -----------------------------------------------
2026-10-02 10:19:10,918 [INFO] serial_rpc_logger: Parameter set ID: 3
2026-10-02 10:19:10,918 [INFO] serial_rpc_logger: Parameter group: response
2026-10-02 10:19:10,918 [INFO] serial_rpc_logger: Parameter set name: led_1_status
2026-10-02 10:19:10,918 [INFO] serial_rpc_logger: Parameter name: led_1_state
2026-10-02 10:19:10,918 [INFO] serial_rpc_logger: Parameter value: 0
2026-10-02 10:19:10,918 [INFO] serial_rpc_logger: -----------------------------------------------
2026-10-02 10:19:10,918 [INFO] serial_rpc_logger: -----------------------------------------------
2026-10-02 10:19:10,918 [INFO] serial_rpc_logger: Parameter set ID: 3
2026-10-02 10:19:10,919 [INFO] serial_rpc_logger: Parameter group: response
2026-10-02 10:19:10,919 [INFO] serial_rpc_logger: Parameter set name: led_1_status
2026-10-02 10:19:10,919 [INFO] serial_rpc_logger: Parameter name: led_1_total_blink_count
2026-10-02 10:19:10,919 [INFO] serial_rpc_logger: Parameter value: 0
2026-10-02 10:19:10,919 [INFO] serial_rpc_logger: -----------------------------------------------
2026-10-02 10:19:10,919 [INFO] serial_rpc_logger: -----------------------------------------------
2026-10-02 10:19:10,919 [INFO] serial_rpc_logger: Parameter set ID: 4
2026-10-02 10:19:10,919 [INFO] serial_rpc_logger: Parameter group: response
2026-10-02 10:19:10,919 [INFO] serial_rpc_logger: Parameter set name: button_0_control
2026-10-02 10:19:10,919 [INFO] serial_rpc_logger: Parameter name: dummy
2026-10-02 10:19:10,919 [INFO] serial_rpc_logger: Parameter value: 0
2026-10-02 10:19:10,919 [INFO] serial_rpc_logger: -----------------------------------------------
2026-10-02 10:19:10,919 [INFO] serial_rpc_logger: -----------------------------------------------
2026-10-02 10:19:10,919 [INFO] serial_rpc_logger: Parameter set ID: 5
2026-10-02 10:19:10,919 [INFO] serial_rpc_logger: Parameter group: response
2026-10-02 10:19:10,919 [INFO] serial_rpc_logger: Parameter set name: button_0_status
2026-10-02 10:19:10,919 [INFO] serial_rpc_logger: Parameter name: button_0_state
2026-10-02 10:19:10,919 [INFO] serial_rpc_logger: Parameter value: 0
2026-10-02 10:19:10,919 [INFO] serial_rpc_logger: -----------------------------------------------
2026-10-02 10:19:10,919 [INFO] serial_rpc_logger: -----------------------------------------------
2026-10-02 10:19:10,919 [INFO] serial_rpc_logger: Parameter set ID: 5
2026-10-02 10:19:10,919 [INFO] serial_rpc_logger: Parameter group: response
2026-10-02 10:19:10,919 [INFO] serial_rpc_logger: Parameter set name: button_0_status
2026-10-02 10:19:10,919 [INFO] serial_rpc_logger: Parameter name: button_0_press_count
2026-10-02 10:19:10,919 [INFO] serial_rpc_logger: Parameter value: 0
2026-10-02 10:19:10,919 [INFO] serial_rpc_logger: -----------------------------------------------
2026-10-02 10:19:10,919 [INFO] serial_rpc_logger: -----------------------------------------------
2026-10-02 10:19:10,919 [INFO] serial_rpc_logger: Parameter set ID: 6
2026-10-02 10:19:10,919 [INFO] serial_rpc_logger: Parameter group: response
2026-10-02 10:19:10,919 [INFO] serial_rpc_logger: Parameter set name: button_1_control
2026-10-02 10:19:10,920 [INFO] serial_rpc_logger: Parameter name: dummy
2026-10-02 10:19:10,920 [INFO] serial_rpc_logger: Parameter value: 0
2026-10-02 10:19:10,920 [INFO] serial_rpc_logger: -----------------------------------------------
2026-10-02 10:19:10,920 [INFO] serial_rpc_logger: -----------------------------------------------
2026-10-02 10:19:10,920 [INFO] serial_rpc_logger: Parameter set ID: 7
2026-10-02 10:19:10,920 [INFO] serial_rpc_logger: Parameter group: response
2026-10-02 10:19:10,920 [INFO] serial_rpc_logger: Parameter set name: button_1_status
2026-10-02 10:19:10,920 [INFO] serial_rpc_logger: Parameter name: button_1_state
2026-10-02 10:19:10,920 [INFO] serial_rpc_logger: Parameter value: 0
2026-10-02 10:19:10,920 [INFO] serial_rpc_logger: -----------------------------------------------
2026-10-02 10:19:10,920 [INFO] serial_rpc_logger: -----------------------------------------------
2026-10-02 10:19:10,920 [INFO] serial_rpc_logger: Parameter set ID: 7
2026-10-02 10:19:10,920 [INFO] serial_rpc_logger: Parameter group: response
2026-10-02 10:19:10,920 [INFO] serial_rpc_logger: Parameter set name: button_1_status
2026-10-02 10:19:10,920 [INFO] serial_rpc_logger: Parameter name: button_1_press_count
2026-10-02 10:19:10,920 [INFO] serial_rpc_logger: Parameter value: 0
2026-10-02 10:19:10,920 [INFO] serial_rpc_logger: -----------------------------------------------
2026-10-02 10:19:10,920 [INFO] serial_rpc_logger: -----------------------------------------------
2026-10-02 10:19:10,920 [INFO] serial_rpc_logger: Parameter set ID: 0
2026-10-02 10:19:10,920 [INFO] serial_rpc_logger: Parameter group: notification
2026-10-02 10:19:10,920 [INFO] serial_rpc_logger: Parameter set name: button0_notification
2026-10-02 10:19:10,920 [INFO] serial_rpc_logger: Parameter name: button_press_count
2026-10-02 10:19:10,920 [INFO] serial_rpc_logger: Parameter value: 0
2026-10-02 10:19:10,920 [INFO] serial_rpc_logger: -----------------------------------------------
2026-10-02 10:19:10,920 [INFO] serial_rpc_logger: -----------------------------------------------
2026-10-02 10:19:10,920 [INFO] serial_rpc_logger: Parameter set ID: 1
2026-10-02 10:19:10,920 [INFO] serial_rpc_logger: Parameter group: notification
2026-10-02 10:19:10,920 [INFO] serial_rpc_logger: Parameter set name: button1_notification
2026-10-02 10:19:10,920 [INFO] serial_rpc_logger: Parameter name: button_press_count
2026-10-02 10:19:10,920 [INFO] serial_rpc_logger: Parameter value: 0
2026-10-02 10:19:10,920 [INFO] serial_rpc_logger: -----------------------------------------------
2026-10-02 10:19:10,922 [DEBUG] serial_rpc_logger: RPC initialized
2026-10-02 10:19:10,922 [INFO] serial_rpc_logger: Request payload for request parameter button_0_status = [0]
2026-10-02 10:19:10,922 [INFO] serial_rpc_logger: Sending request payload: [0, 5, 1, 0, 0, 0, 0, 0, 0, 0, 0, 0, 0, 0, 0, 0, 0, 0, 0, 0, 0, 0, 0, 0, 0, 0, 0, 0, 0, 0, 0, 223]
2026-10-02 10:19:10,929 [INFO] serial_rpc_logger: Received a response from a bus target
2026-10-02 10:19:10,929 [INFO] serial_rpc_logger: Response packet ID: 5
2026-10-02 10:19:10,929 [INFO] serial_rpc_logger: Response payload length: 2
2026-10-02 10:19:10,930 [INFO] serial_rpc_logger: Response payload: b'\x01\x00'
2026-10-02 10:19:10,930 [INFO] serial_rpc_logger: Response name: button_0_status
2026-10-02 10:19:10,930 [INFO] serial_rpc_logger: Setting value of button_0_status : button_0_state to 1
2026-10-02 10:19:10,930 [INFO] serial_rpc_logger: Setting value of button_0_status : button_0_press_count to 0
2026-10-02 10:19:10,930 [INFO] serial_rpc_logger: Request payload for request parameter button_1_status = [0]
2026-10-02 10:19:10,930 [INFO] serial_rpc_logger: Sending request payload: [0, 7, 1, 0, 0, 0, 0, 0, 0, 0, 0, 0, 0, 0, 0, 0, 0, 0, 0, 0, 0, 0, 0, 0, 0, 0, 0, 0, 0, 0, 0, 66]
2026-10-02 10:19:10,937 [INFO] serial_rpc_logger: Received a response from a bus target
2026-10-02 10:19:10,937 [INFO] serial_rpc_logger: Response packet ID: 7
2026-10-02 10:19:10,937 [INFO] serial_rpc_logger: Response payload length: 2
2026-10-02 10:19:10,937 [INFO] serial_rpc_logger: Response payload: b'\x01\x00'
2026-10-02 10:19:10,937 [INFO] serial_rpc_logger: Response name: button_1_status
2026-10-02 10:19:10,937 [INFO] serial_rpc_logger: Setting value of button_1_status : button_1_state to 1
2026-10-02 10:19:10,937 [INFO] serial_rpc_logger: Setting value of button_1_status : button_1_press_count to 0
2026-10-02 10:19:10,948 [INFO] serial_rpc_logger: Request payload for request parameter button_0_status = [0]
2026-10-02 10:19:10,948 [INFO] serial_rpc_logger: Sending request payload: [0, 5, 1, 0, 0, 0, 0, 0, 0, 0, 0, 0, 0, 0, 0, 0, 0, 0, 0, 0, 0, 0, 0, 0, 0, 0, 0, 0, 0, 0, 0, 223]
2026-10-02 10:19:10,954 [INFO] serial_rpc_logger: Received a response from a bus target
2026-10-02 10:19:10,955 [INFO] serial_rpc_logger: Response packet ID: 5
2026-10-02 10:19:10,955 [INFO] serial_rpc_logger: Response payload length: 2
2026-10-02 10:19:10,955 [INFO] serial_rpc_logger: Response payload: b'\x01\x00'
2026-10-02 10:19:10,955 [INFO] serial_rpc_logger: Response name: button_0_status
2026-10-02 10:19:10,955 [INFO] serial_rpc_logger: Setting value of button_0_status : button_0_state to 1
2026-10-02 10:19:10,955 [INFO] serial_rpc_logger: Setting value of button_0_status : button_0_press_count to 0
2026-10-02 10:19:10,955 [INFO] serial_rpc_logger: Request payload for request parameter button_1_status = [0]
2026-10-02 10:19:10,955 [INFO] serial_rpc_logger: Sending request payload: [0, 7, 1, 0, 0, 0, 0, 0, 0, 0, 0, 0, 0, 0, 0, 0, 0, 0, 0, 0, 0, 0, 0, 0, 0, 0, 0, 0, 0, 0, 0, 66]
2026-10-02 10:19:10,961 [INFO] serial_rpc_logger: Received a response from a bus target
2026-10-02 10:19:10,962 [INFO] serial_rpc_logger: Response packet ID: 7
2026-10-02 10:19:10,962 [INFO] serial_rpc_logger: Response payload length: 2
2026-10-02 10:19:10,962 [INFO] serial_rpc_logger: Response payload: b'\x01\x00'
2026-10-02 10:19:10,962 [INFO] serial_rpc_logger: Response name: button_1_status
2026-10-02 10:19:10,962 [INFO] serial_rpc_logger: Setting value of button_1_status : button_1_state to 1
2026-10-02 10:19:10,962 [INFO] serial_rpc_logger: Setting value of button_1_status : button_1_press_count to 0
2026-10-02 10:19:10,973 [INFO] serial_rpc_logger: Request payload for request parameter button_0_status = [0]
2026-10-02 10:19:10,973 [INFO] serial_rpc_logger: Sending request payload: [0, 5, 1, 0, 0, 0, 0, 0, 0, 0, 0, 0, 0, 0, 0, 0, 0, 0, 0, 0, 0, 0, 0, 0, 0, 0, 0, 0, 0, 0, 0, 223]
2026-10-02 10:19:10,979 [INFO] serial_rpc_logger: Received a response from a bus target
2026-10-02 10:19:10,980 [INFO] serial_rpc_logger: Response packet ID: 5
2026-10-02 10:19:10,980 [INFO] serial_rpc_logger: Response payload length: 2
2026-10-02 10:19:10,980 [INFO] serial_rpc_logger: Response payload: b'\x01\x00'
2026-10-02 10:19:10,980 [INFO] serial_rpc_logger: Response name: button_0_status
2026-10-02 10:19:10,980 [INFO] serial_rpc_logger: Setting value of button_0_status : button_0_state to 1
2026-10-02 10:19:10,980 [INFO] serial_rpc_logger: Setting value of button_0_status : button_0_press_count to 0
2026-10-02 10:19:10,980 [INFO] serial_rpc_logger: Request payload for request parameter button_1_status = [0]
2026-10-02 10:19:10,980 [INFO] serial_rpc_logger: Sending request payload: [0, 7, 1, 0, 0, 0, 0, 0, 0, 0, 0, 0, 0, 0, 0, 0, 0, 0, 0, 0, 0, 0, 0, 0, 0, 0, 0, 0, 0, 0, 0, 66]
2026-10-02 10:19:10,987 [INFO] serial_rpc_logger: Received a response from a bus target
2026-10-02 10:19:10,987 [INFO] serial_rpc_logger: Response packet ID: 7
2026-10-02 10:19:10,987 [INFO] serial_rpc_logger: Response payload length: 2
2026-10-02 10:19:10,987 [INFO] serial_rpc_logger: Response payload: b'\x01\x00'
2026-10-02 10:19:10,987 [INFO] serial_rpc_logger: Response name: button_1_status
2026-10-02 10:19:10,987 [INFO] serial_rpc_logger: Setting value of button_1_status : button_1_state to 1
2026-10-02 10:19:10,987 [INFO] serial_rpc_logger: Setting value of button_1_status : button_1_press_count to 0
2026-10-02 10:19:10,998 [INFO] serial_rpc_logger: Request payload for request parameter button_0_status = [0]
2026-10-02 10:19:10,999 [INFO] serial_rpc_logger: Sending request payload: [0, 5, 1, 0, 0, 0, 0, 0, 0, 0, 0, 0, 0, 0, 0, 0, 0, 0, 0, 0, 0, 0, 0, 0, 0, 0, 0, 0, 0, 0, 0, 223]
2026-10-02 10:19:11,005 [INFO] serial_rpc_logger: Received a response from a bus target
2026-10-02 10:19:11,006 [INFO] serial_rpc_logger: Response packet ID: 5
2026-10-02 10:19:11,006 [INFO] serial_rpc_logger: Response payload length: 2
2026-10-02 10:19:11,006 [INFO] serial_rpc_logger: Response payload: b'\x01\x00'
2026-10-02 10:19:11,006 [INFO] serial_rpc_logger: Response name: button_0_status
2026-10-02 10:19:11,006 [INFO] serial_rpc_logger: Setting value of button_0_status : button_0_state to 1
2026-10-02 10:19:11,006 [INFO] serial_rpc_logger: Setting value of button_0_status : button_0_press_count to 0
2026-10-02 10:19:11,006 [INFO] serial_rpc_logger: Request payload for request parameter button_1_status = [0]
2026-10-02 10:19:11,006 [INFO] serial_rpc_logger: Sending request payload: [0, 7, 1, 0, 0, 0, 0, 0, 0, 0, 0, 0, 0, 0, 0, 0, 0, 0, 0, 0, 0, 0, 0, 0, 0, 0, 0, 0, 0, 0, 0, 66]
2026-10-02 10:19:11,013 [INFO] serial_rpc_logger: Received a response from a bus target
2026-10-02 10:19:11,013 [INFO] serial_rpc_logger: Response packet ID: 7
2026-10-02 10:19:11,013 [INFO] serial_rpc_logger: Response payload length: 2
2026-10-02 10:19:11,013 [INFO] serial_rpc_logger: Response payload: b'\x01\x00'
2026-10-02 10:19:11,013 [INFO] serial_rpc_logger: Response name: button_1_status
2026-10-02 10:19:11,013 [INFO] serial_rpc_logger: Setting value of button_1_status : button_1_state to 1
2026-10-02 10:19:11,013 [INFO] serial_rpc_logger: Setting value of button_1_status : button_1_press_count to 0
2026-10-02 10:19:11,024 [INFO] serial_rpc_logger: Request payload for request parameter button_0_status = [0]
2026-10-02 10:19:11,024 [INFO] serial_rpc_logger: Sending request payload: [0, 5, 1, 0, 0, 0, 0, 0, 0, 0, 0, 0, 0, 0, 0, 0, 0, 0, 0, 0, 0, 0, 0, 0, 0, 0, 0, 0, 0, 0, 0, 223]
2026-10-02 10:19:11,030 [INFO] serial_rpc_logger: Received a response from a bus target
2026-10-02 10:19:11,031 [INFO] serial_rpc_logger: Response packet ID: 5
2026-10-02 10:19:11,031 [INFO] serial_rpc_logger: Response payload length: 2
2026-10-02 10:19:11,031 [INFO] serial_rpc_logger: Response payload: b'\x01\x00'
2026-10-02 10:19:11,031 [INFO] serial_rpc_logger: Response name: button_0_status
2026-10-02 10:19:11,031 [INFO] serial_rpc_logger: Setting value of button_0_status : button_0_state to 1
2026-10-02 10:19:11,031 [INFO] serial_rpc_logger: Setting value of button_0_status : button_0_press_count to 0
2026-10-02 10:19:11,031 [INFO] serial_rpc_logger: Request payload for request parameter button_1_status = [0]
2026-10-02 10:19:11,032 [INFO] serial_rpc_logger: Sending request payload: [0, 7, 1, 0, 0, 0, 0, 0, 0, 0, 0, 0, 0, 0, 0, 0, 0, 0, 0, 0, 0, 0, 0, 0, 0, 0, 0, 0, 0, 0, 0, 66]
2026-10-02 10:19:11,038 [INFO] serial_rpc_logger: Received a response from a bus target
2026-10-02 10:19:11,038 [INFO] serial_rpc_logger: Response packet ID: 7
2026-10-02 10:19:11,038 [INFO] serial_rpc_logger: Response payload length: 2
2026-10-02 10:19:11,038 [INFO] serial_rpc_logger: Response payload: b'\x01\x00'
2026-10-02 10:19:11,038 [INFO] serial_rpc_logger: Response name: button_1_status
2026-10-02 10:19:11,038 [INFO] serial_rpc_logger: Setting value of button_1_status : button_1_state to 1
2026-10-02 10:19:11,038 [INFO] serial_rpc_logger: Setting value of button_1_status : button_1_press_count to 0
2026-10-02 10:19:11,049 [INFO] serial_rpc_logger: Request payload for request parameter button_0_status = [0]
2026-10-02 10:19:11,049 [INFO] serial_rpc_logger: Sending request payload: [0, 5, 1, 0, 0, 0, 0, 0, 0, 0, 0, 0, 0, 0, 0, 0, 0, 0, 0, 0, 0, 0, 0, 0, 0, 0, 0, 0, 0, 0, 0, 223]
2026-10-02 10:19:11,056 [INFO] serial_rpc_logger: Received a response from a bus target
2026-10-02 10:19:11,056 [INFO] serial_rpc_logger: Response packet ID: 5
2026-10-02 10:19:11,056 [INFO] serial_rpc_logger: Response payload length: 2
2026-10-02 10:19:11,056 [INFO] serial_rpc_logger: Response payload: b'\x01\x00'
2026-10-02 10:19:11,056 [INFO] serial_rpc_logger: Response name: button_0_status
2026-10-02 10:19:11,056 [INFO] serial_rpc_logger: Setting value of button_0_status : button_0_state to 1
2026-10-02 10:19:11,056 [INFO] serial_rpc_logger: Setting value of button_0_status : button_0_press_count to 0
2026-10-02 10:19:11,056 [INFO] serial_rpc_logger: Request payload for request parameter button_1_status = [0]
2026-10-02 10:19:11,057 [INFO] serial_rpc_logger: Sending request payload: [0, 7, 1, 0, 0, 0, 0, 0, 0, 0, 0, 0, 0, 0, 0, 0, 0, 0, 0, 0, 0, 0, 0, 0, 0, 0, 0, 0, 0, 0, 0, 66]
2026-10-02 10:19:11,063 [INFO] serial_rpc_logger: Received a response from a bus target
2026-10-02 10:19:11,063 [INFO] serial_rpc_logger: Response packet ID: 7
2026-10-02 10:19:11,063 [INFO] serial_rpc_logger: Response payload length: 2
2026-10-02 10:19:11,063 [INFO] serial_rpc_logger: Response payload: b'\x01\x00'
2026-10-02 10:19:11,064 [INFO] serial_rpc_logger: Response name: button_1_status
2026-10-02 10:19:11,064 [INFO] serial_rpc_logger: Setting value of button_1_status : button_1_state to 1
2026-10-02 10:19:11,064 [INFO] serial_rpc_logger: Setting value of button_1_status : button_1_press_count to 0
2026-10-02 10:19:11,075 [INFO] serial_rpc_logger: Request payload for request parameter button_0_status = [0]
2026-10-02 10:19:11,075 [INFO] serial_rpc_logger: Sending request payload: [0, 5, 1, 0, 0, 0, 0, 0, 0, 0, 0, 0, 0, 0, 0, 0, 0, 0, 0, 0, 0, 0, 0, 0, 0, 0, 0, 0, 0, 0, 0, 223]
2026-10-02 10:19:11,082 [INFO] serial_rpc_logger: Received a response from a bus target
2026-10-02 10:19:11,082 [INFO] serial_rpc_logger: Response packet ID: 5
2026-10-02 10:19:11,082 [INFO] serial_rpc_logger: Response payload length: 2
2026-10-02 10:19:11,082 [INFO] serial_rpc_logger: Response payload: b'\x01\x00'
2026-10-02 10:19:11,082 [INFO] serial_rpc_logger: Response name: button_0_status
2026-10-02 10:19:11,082 [INFO] serial_rpc_logger: Setting value of button_0_status : button_0_state to 1
2026-10-02 10:19:11,082 [INFO] serial_rpc_logger: Setting value of button_0_status : button_0_press_count to 0
2026-10-02 10:19:11,082 [INFO] serial_rpc_logger: Request payload for request parameter button_1_status = [0]
2026-10-02 10:19:11,083 [INFO] serial_rpc_logger: Sending request payload: [0, 7, 1, 0, 0, 0, 0, 0, 0, 0, 0, 0, 0, 0, 0, 0, 0, 0, 0, 0, 0, 0, 0, 0, 0, 0, 0, 0, 0, 0, 0, 66]
2026-10-02 10:19:11,089 [INFO] serial_rpc_logger: Received a response from a bus target
2026-10-02 10:19:11,089 [INFO] serial_rpc_logger: Response packet ID: 7
2026-10-02 10:19:11,089 [INFO] serial_rpc_logger: Response payload length: 2
2026-10-02 10:19:11,089 [INFO] serial_rpc_logger: Response payload: b'\x01\x00'
2026-10-02 10:19:11,089 [INFO] serial_rpc_logger: Response name: button_1_status
2026-10-02 10:19:11,089 [INFO] serial_rpc_logger: Setting value of button_1_status : button_1_state to 1
2026-10-02 10:19:11,089 [INFO] serial_rpc_logger: Setting value of button_1_status : button_1_press_count to 0
2026-10-02 10:19:11,100 [INFO] serial_rpc_logger: Request payload for request parameter button_0_status = [0]
2026-10-02 10:19:11,101 [INFO] serial_rpc_logger: Sending request payload: [0, 5, 1, 0, 0, 0, 0, 0, 0, 0, 0, 0, 0, 0, 0, 0, 0, 0, 0, 0, 0, 0, 0, 0, 0, 0, 0, 0, 0, 0, 0, 223]
2026-10-02 10:19:11,108 [INFO] serial_rpc_logger: Received a response from a bus target
2026-10-02 10:19:11,108 [INFO] serial_rpc_logger: Response packet ID: 5
2026-10-02 10:19:11,108 [INFO] serial_rpc_logger: Response payload length: 2
2026-10-02 10:19:11,108 [INFO] serial_rpc_logger: Response payload: b'\x01\x00'
2026-10-02 10:19:11,108 [INFO] serial_rpc_logger: Response name: button_0_status
2026-10-02 10:19:11,108 [INFO] serial_rpc_logger: Setting value of button_0_status : button_0_state to 1
2026-10-02 10:19:11,108 [INFO] serial_rpc_logger: Setting value of button_0_status : button_0_press_count to 0
2026-10-02 10:19:11,108 [INFO] serial_rpc_logger: Request payload for request parameter button_1_status = [0]
2026-10-02 10:19:11,108 [INFO] serial_rpc_logger: Sending request payload: [0, 7, 1, 0, 0, 0, 0, 0, 0, 0, 0, 0, 0, 0, 0, 0, 0, 0, 0, 0, 0, 0, 0, 0, 0, 0, 0, 0, 0, 0, 0, 66]
2026-10-02 10:19:11,115 [INFO] serial_rpc_logger: Received a response from a bus target
2026-10-02 10:19:11,115 [INFO] serial_rpc_logger: Response packet ID: 7
2026-10-02 10:19:11,115 [INFO] serial_rpc_logger: Response payload length: 2
2026-10-02 10:19:11,115 [INFO] serial_rpc_logger: Response payload: b'\x01\x00'
2026-10-02 10:19:11,115 [INFO] serial_rpc_logger: Response name: button_1_status
2026-10-02 10:19:11,115 [INFO] serial_rpc_logger: Setting value of button_1_status : button_1_state to 1
2026-10-02 10:19:11,115 [INFO] serial_rpc_logger: Setting value of button_1_status : button_1_press_count to 0
2026-10-02 10:19:11,126 [INFO] serial_rpc_logger: Request payload for request parameter button_0_status = [0]
2026-10-02 10:19:11,127 [INFO] serial_rpc_logger: Sending request payload: [0, 5, 1, 0, 0, 0, 0, 0, 0, 0, 0, 0, 0, 0, 0, 0, 0, 0, 0, 0, 0, 0, 0, 0, 0, 0, 0, 0, 0, 0, 0, 223]
2026-10-02 10:19:11,134 [INFO] serial_rpc_logger: Received a response from a bus target
2026-10-02 10:19:11,135 [INFO] serial_rpc_logger: Response packet ID: 5
2026-10-02 10:19:11,135 [INFO] serial_rpc_logger: Response payload length: 2
2026-10-02 10:19:11,135 [INFO] serial_rpc_logger: Response payload: b'\x01\x00'
2026-10-02 10:19:11,135 [INFO] serial_rpc_logger: Response name: button_0_status
2026-10-02 10:19:11,135 [INFO] serial_rpc_logger: Setting value of button_0_status : button_0_state to 1
2026-10-02 10:19:11,135 [INFO] serial_rpc_logger: Setting value of button_0_status : button_0_press_count to 0
2026-10-02 10:19:11,135 [INFO] serial_rpc_logger: Request payload for request parameter button_1_status = [0]
2026-10-02 10:19:11,135 [INFO] serial_rpc_logger: Sending request payload: [0, 7, 1, 0, 0, 0, 0, 0, 0, 0, 0, 0, 0, 0, 0, 0, 0, 0, 0, 0, 0, 0, 0, 0, 0, 0, 0, 0, 0, 0, 0, 66]
2026-10-02 10:19:11,142 [INFO] serial_rpc_logger: Received a response from a bus target
2026-10-02 10:19:11,142 [INFO] serial_rpc_logger: Response packet ID: 7
2026-10-02 10:19:11,142 [INFO] serial_rpc_logger: Response payload length: 2
2026-10-02 10:19:11,142 [INFO] serial_rpc_logger: Response payload: b'\x01\x00'
2026-10-02 10:19:11,142 [INFO] serial_rpc_logger: Response name: button_1_status
2026-10-02 10:19:11,142 [INFO] serial_rpc_logger: Setting value of button_1_status : button_1_state to 1
2026-10-02 10:19:11,142 [INFO] serial_rpc_logger: Setting value of button_1_status : button_1_press_count to 0
2026-10-02 10:19:11,153 [INFO] serial_rpc_logger: Request payload for request parameter button_0_status = [0]
2026-10-02 10:19:11,153 [INFO] serial_rpc_logger: Sending request payload: [0, 5, 1, 0, 0, 0, 0, 0, 0, 0, 0, 0, 0, 0, 0, 0, 0, 0, 0, 0, 0, 0, 0, 0, 0, 0, 0, 0, 0, 0, 0, 223]
2026-10-02 10:19:11,160 [INFO] serial_rpc_logger: Received a response from a bus target
2026-10-02 10:19:11,160 [INFO] serial_rpc_logger: Response packet ID: 5
2026-10-02 10:19:11,160 [INFO] serial_rpc_logger: Response payload length: 2
2026-10-02 10:19:11,161 [INFO] serial_rpc_logger: Response payload: b'\x01\x00'
2026-10-02 10:19:11,161 [INFO] serial_rpc_logger: Response name: button_0_status
2026-10-02 10:19:11,161 [INFO] serial_rpc_logger: Setting value of button_0_status : button_0_state to 1
2026-10-02 10:19:11,161 [INFO] serial_rpc_logger: Setting value of button_0_status : button_0_press_count to 0
2026-10-02 10:19:11,161 [INFO] serial_rpc_logger: Request payload for request parameter button_1_status = [0]
2026-10-02 10:19:11,162 [INFO] serial_rpc_logger: Sending request payload: [0, 7, 1, 0, 0, 0, 0, 0, 0, 0, 0, 0, 0, 0, 0, 0, 0, 0, 0, 0, 0, 0, 0, 0, 0, 0, 0, 0, 0, 0, 0, 66]
2026-10-02 10:19:11,169 [INFO] serial_rpc_logger: Received a response from a bus target
2026-10-02 10:19:11,169 [INFO] serial_rpc_logger: Response packet ID: 7
2026-10-02 10:19:11,169 [INFO] serial_rpc_logger: Response payload length: 2
2026-10-02 10:19:11,169 [INFO] serial_rpc_logger: Response payload: b'\x01\x00'
2026-10-02 10:19:11,169 [INFO] serial_rpc_logger: Response name: button_1_status
2026-10-02 10:19:11,169 [INFO] serial_rpc_logger: Setting value of button_1_status : button_1_state to 1
2026-10-02 10:19:11,169 [INFO] serial_rpc_logger: Setting value of button_1_status : button_1_press_count to 0
2026-10-02 10:19:11,180 [INFO] serial_rpc_logger: Request payload for request parameter button_0_status = [0]
2026-10-02 10:19:11,181 [INFO] serial_rpc_logger: Sending request payload: [0, 5, 1, 0, 0, 0, 0, 0, 0, 0, 0, 0, 0, 0, 0, 0, 0, 0, 0, 0, 0, 0, 0, 0, 0, 0, 0, 0, 0, 0, 0, 223]
2026-10-02 10:19:11,188 [INFO] serial_rpc_logger: Received a response from a bus target
2026-10-02 10:19:11,188 [INFO] serial_rpc_logger: Response packet ID: 5
2026-10-02 10:19:11,188 [INFO] serial_rpc_logger: Response payload length: 2
2026-10-02 10:19:11,188 [INFO] serial_rpc_logger: Response payload: b'\x01\x00'
2026-10-02 10:19:11,188 [INFO] serial_rpc_logger: Response name: button_0_status
2026-10-02 10:19:11,188 [INFO] serial_rpc_logger: Setting value of button_0_status : button_0_state to 1
2026-10-02 10:19:11,188 [INFO] serial_rpc_logger: Setting value of button_0_status : button_0_press_count to 0
2026-10-02 10:19:11,188 [INFO] serial_rpc_logger: Request payload for request parameter button_1_status = [0]
2026-10-02 10:19:11,188 [INFO] serial_rpc_logger: Sending request payload: [0, 7, 1, 0, 0, 0, 0, 0, 0, 0, 0, 0, 0, 0, 0, 0, 0, 0, 0, 0, 0, 0, 0, 0, 0, 0, 0, 0, 0, 0, 0, 66]
2026-10-02 10:19:11,195 [INFO] serial_rpc_logger: Received a response from a bus target
2026-10-02 10:19:11,195 [INFO] serial_rpc_logger: Response packet ID: 7
2026-10-02 10:19:11,195 [INFO] serial_rpc_logger: Response payload length: 2
2026-10-02 10:19:11,195 [INFO] serial_rpc_logger: Response payload: b'\x01\x00'
2026-10-02 10:19:11,195 [INFO] serial_rpc_logger: Response name: button_1_status
2026-10-02 10:19:11,195 [INFO] serial_rpc_logger: Setting value of button_1_status : button_1_state to 1
2026-10-02 10:19:11,196 [INFO] serial_rpc_logger: Setting value of button_1_status : button_1_press_count to 0
2026-10-02 10:19:11,206 [INFO] serial_rpc_logger: Request payload for request parameter button_0_status = [0]
2026-10-02 10:19:11,206 [INFO] serial_rpc_logger: Sending request payload: [0, 5, 1, 0, 0, 0, 0, 0, 0, 0, 0, 0, 0, 0, 0, 0, 0, 0, 0, 0, 0, 0, 0, 0, 0, 0, 0, 0, 0, 0, 0, 223]
2026-10-02 10:19:11,213 [INFO] serial_rpc_logger: Received a response from a bus target
2026-10-02 10:19:11,213 [INFO] serial_rpc_logger: Response packet ID: 5
2026-10-02 10:19:11,213 [INFO] serial_rpc_logger: Response payload length: 2
2026-10-02 10:19:11,213 [INFO] serial_rpc_logger: Response payload: b'\x01\x00'
2026-10-02 10:19:11,213 [INFO] serial_rpc_logger: Response name: button_0_status
2026-10-02 10:19:11,213 [INFO] serial_rpc_logger: Setting value of button_0_status : button_0_state to 1
2026-10-02 10:19:11,213 [INFO] serial_rpc_logger: Setting value of button_0_status : button_0_press_count to 0
2026-10-02 10:19:11,214 [INFO] serial_rpc_logger: Request payload for request parameter button_1_status = [0]
2026-10-02 10:19:11,214 [INFO] serial_rpc_logger: Sending request payload: [0, 7, 1, 0, 0, 0, 0, 0, 0, 0, 0, 0, 0, 0, 0, 0, 0, 0, 0, 0, 0, 0, 0, 0, 0, 0, 0, 0, 0, 0, 0, 66]
2026-10-02 10:19:11,221 [INFO] serial_rpc_logger: Received a response from a bus target
2026-10-02 10:19:11,221 [INFO] serial_rpc_logger: Response packet ID: 7
2026-10-02 10:19:11,221 [INFO] serial_rpc_logger: Response payload length: 2
2026-10-02 10:19:11,221 [INFO] serial_rpc_logger: Response payload: b'\x01\x00'
2026-10-02 10:19:11,221 [INFO] serial_rpc_logger: Response name: button_1_status
2026-10-02 10:19:11,221 [INFO] serial_rpc_logger: Setting value of button_1_status : button_1_state to 1
2026-10-02 10:19:11,221 [INFO] serial_rpc_logger: Setting value of button_1_status : button_1_press_count to 0
2026-10-02 10:19:11,232 [INFO] serial_rpc_logger: Request payload for request parameter button_0_status = [0]
2026-10-02 10:19:11,232 [INFO] serial_rpc_logger: Sending request payload: [0, 5, 1, 0, 0, 0, 0, 0, 0, 0, 0, 0, 0, 0, 0, 0, 0, 0, 0, 0, 0, 0, 0, 0, 0, 0, 0, 0, 0, 0, 0, 223]
2026-10-02 10:19:11,239 [INFO] serial_rpc_logger: Received a response from a bus target
2026-10-02 10:19:11,239 [INFO] serial_rpc_logger: Response packet ID: 5
2026-10-02 10:19:11,240 [INFO] serial_rpc_logger: Response payload length: 2
2026-10-02 10:19:11,240 [INFO] serial_rpc_logger: Response payload: b'\x01\x00'
2026-10-02 10:19:11,240 [INFO] serial_rpc_logger: Response name: button_0_status
2026-10-02 10:19:11,240 [INFO] serial_rpc_logger: Setting value of button_0_status : button_0_state to 1
2026-10-02 10:19:11,240 [INFO] serial_rpc_logger: Setting value of button_0_status : button_0_press_count to 0
2026-10-02 10:19:11,240 [INFO] serial_rpc_logger: Request payload for request parameter button_1_status = [0]
2026-10-02 10:19:11,240 [INFO] serial_rpc_logger: Sending request payload: [0, 7, 1, 0, 0, 0, 0, 0, 0, 0, 0, 0, 0, 0, 0, 0, 0, 0, 0, 0, 0, 0, 0, 0, 0, 0, 0, 0, 0, 0, 0, 66]
2026-10-02 10:19:11,247 [INFO] serial_rpc_logger: Received a response from a bus target
2026-10-02 10:19:11,247 [INFO] serial_rpc_logger: Response packet ID: 7
2026-10-02 10:19:11,247 [INFO] serial_rpc_logger: Response payload length: 2
2026-10-02 10:19:11,247 [INFO] serial_rpc_logger: Response payload: b'\x01\x00'
2026-10-02 10:19:11,247 [INFO] serial_rpc_logger: Response name: button_1_status
2026-10-02 10:19:11,247 [INFO] serial_rpc_logger: Setting value of button_1_status : button_1_state to 1
2026-10-02 10:19:11,247 [INFO] serial_rpc_logger: Setting value of button_1_status : button_1_press_count to 0
2026-10-02 10:19:11,258 [INFO] serial_rpc_logger: Request payload for request parameter button_0_status = [0]
2026-10-02 10:19:11,258 [INFO] serial_rpc_logger: Sending request payload: [0, 5, 1, 0, 0, 0, 0, 0, 0, 0, 0, 0, 0, 0, 0, 0, 0, 0, 0, 0, 0, 0, 0, 0, 0, 0, 0, 0, 0, 0, 0, 223]
2026-10-02 10:19:11,265 [INFO] serial_rpc_logger: Received a response from a bus target
2026-10-02 10:19:11,265 [INFO] serial_rpc_logger: Response packet ID: 5
2026-10-02 10:19:11,265 [INFO] serial_rpc_logger: Response payload length: 2
2026-10-02 10:19:11,265 [INFO] serial_rpc_logger: Response payload: b'\x01\x00'
2026-10-02 10:19:11,265 [INFO] serial_rpc_logger: Response name: button_0_status
2026-10-02 10:19:11,265 [INFO] serial_rpc_logger: Setting value of button_0_status : button_0_state to 1
2026-10-02 10:19:11,266 [INFO] serial_rpc_logger: Setting value of button_0_status : button_0_press_count to 0
2026-10-02 10:19:11,266 [INFO] serial_rpc_logger: Request payload for request parameter button_1_status = [0]
2026-10-02 10:19:11,266 [INFO] serial_rpc_logger: Sending request payload: [0, 7, 1, 0, 0, 0, 0, 0, 0, 0, 0, 0, 0, 0, 0, 0, 0, 0, 0, 0, 0, 0, 0, 0, 0, 0, 0, 0, 0, 0, 0, 66]
2026-10-02 10:19:11,273 [INFO] serial_rpc_logger: Received a response from a bus target
2026-10-02 10:19:11,273 [INFO] serial_rpc_logger: Response packet ID: 7
2026-10-02 10:19:11,273 [INFO] serial_rpc_logger: Response payload length: 2
2026-10-02 10:19:11,273 [INFO] serial_rpc_logger: Response payload: b'\x01\x00'
2026-10-02 10:19:11,273 [INFO] serial_rpc_logger: Response name: button_1_status
2026-10-02 10:19:11,273 [INFO] serial_rpc_logger: Setting value of button_1_status : button_1_state to 1
2026-10-02 10:19:11,273 [INFO] serial_rpc_logger: Setting value of button_1_status : button_1_press_count to 0
2026-10-02 10:19:11,284 [INFO] serial_rpc_logger: Request payload for request parameter button_0_status = [0]
2026-10-02 10:19:11,284 [INFO] serial_rpc_logger: Sending request payload: [0, 5, 1, 0, 0, 0, 0, 0, 0, 0, 0, 0, 0, 0, 0, 0, 0, 0, 0, 0, 0, 0, 0, 0, 0, 0, 0, 0, 0, 0, 0, 223]
2026-10-02 10:19:11,291 [INFO] serial_rpc_logger: Received a response from a bus target
2026-10-02 10:19:11,291 [INFO] serial_rpc_logger: Response packet ID: 5
2026-10-02 10:19:11,291 [INFO] serial_rpc_logger: Response payload length: 2
2026-10-02 10:19:11,291 [INFO] serial_rpc_logger: Response payload: b'\x01\x00'
2026-10-02 10:19:11,291 [INFO] serial_rpc_logger: Response name: button_0_status
2026-10-02 10:19:11,291 [INFO] serial_rpc_logger: Setting value of button_0_status : button_0_state to 1
2026-10-02 10:19:11,291 [INFO] serial_rpc_logger: Setting value of button_0_status : button_0_press_count to 0
2026-10-02 10:19:11,291 [INFO] serial_rpc_logger: Request payload for request parameter button_1_status = [0]
2026-10-02 10:19:11,291 [INFO] serial_rpc_logger: Sending request payload: [0, 7, 1, 0, 0, 0, 0, 0, 0, 0, 0, 0, 0, 0, 0, 0, 0, 0, 0, 0, 0, 0, 0, 0, 0, 0, 0, 0, 0, 0, 0, 66]
2026-10-02 10:19:11,298 [INFO] serial_rpc_logger: Received a response from a bus target
2026-10-02 10:19:11,298 [INFO] serial_rpc_logger: Response packet ID: 7
2026-10-02 10:19:11,298 [INFO] serial_rpc_logger: Response payload length: 2
2026-10-02 10:19:11,299 [INFO] serial_rpc_logger: Response payload: b'\x01\x00'
2026-10-02 10:19:11,299 [INFO] serial_rpc_logger: Response name: button_1_status
2026-10-02 10:19:11,299 [INFO] serial_rpc_logger: Setting value of button_1_status : button_1_state to 1
2026-10-02 10:19:11,299 [INFO] serial_rpc_logger: Setting value of button_1_status : button_1_press_count to 0
2026-10-02 10:19:11,310 [INFO] serial_rpc_logger: Request payload for request parameter button_0_status = [0]
2026-10-02 10:19:11,310 [INFO] serial_rpc_logger: Sending request payload: [0, 5, 1, 0, 0, 0, 0, 0, 0, 0, 0, 0, 0, 0, 0, 0, 0, 0, 0, 0, 0, 0, 0, 0, 0, 0, 0, 0, 0, 0, 0, 223]
2026-10-02 10:19:11,317 [INFO] serial_rpc_logger: Received a response from a bus target
2026-10-02 10:19:11,318 [INFO] serial_rpc_logger: Response packet ID: 5
2026-10-02 10:19:11,318 [INFO] serial_rpc_logger: Response payload length: 2
2026-10-02 10:19:11,318 [INFO] serial_rpc_logger: Response payload: b'\x01\x00'
2026-10-02 10:19:11,319 [INFO] serial_rpc_logger: Response name: button_0_status
2026-10-02 10:19:11,319 [INFO] serial_rpc_logger: Setting value of button_0_status : button_0_state to 1
2026-10-02 10:19:11,319 [INFO] serial_rpc_logger: Setting value of button_0_status : button_0_press_count to 0
2026-10-02 10:19:11,319 [INFO] serial_rpc_logger: Request payload for request parameter button_1_status = [0]
2026-10-02 10:19:11,319 [INFO] serial_rpc_logger: Sending request payload: [0, 7, 1, 0, 0, 0, 0, 0, 0, 0, 0, 0, 0, 0, 0, 0, 0, 0, 0, 0, 0, 0, 0, 0, 0, 0, 0, 0, 0, 0, 0, 66]
2026-10-02 10:19:11,325 [INFO] serial_rpc_logger: Received a response from a bus target
2026-10-02 10:19:11,326 [INFO] serial_rpc_logger: Response packet ID: 7
2026-10-02 10:19:11,326 [INFO] serial_rpc_logger: Response payload length: 2
2026-10-02 10:19:11,327 [INFO] serial_rpc_logger: Response payload: b'\x01\x00'
2026-10-02 10:19:11,327 [INFO] serial_rpc_logger: Response name: button_1_status
2026-10-02 10:19:11,327 [INFO] serial_rpc_logger: Setting value of button_1_status : button_1_state to 1
2026-10-02 10:19:11,327 [INFO] serial_rpc_logger: Setting value of button_1_status : button_1_press_count to 0
2026-10-02 10:19:11,337 [INFO] serial_rpc_logger: Request payload for request parameter button_0_status = [0]
2026-10-02 10:19:11,338 [INFO] serial_rpc_logger: Sending request payload: [0, 5, 1, 0, 0, 0, 0, 0, 0, 0, 0, 0, 0, 0, 0, 0, 0, 0, 0, 0, 0, 0, 0, 0, 0, 0, 0, 0, 0, 0, 0, 223]
2026-10-02 10:19:11,344 [INFO] serial_rpc_logger: Received a response from a bus target
2026-10-02 10:19:11,345 [INFO] serial_rpc_logger: Response packet ID: 5
2026-10-02 10:19:11,345 [INFO] serial_rpc_logger: Response payload length: 2
2026-10-02 10:19:11,345 [INFO] serial_rpc_logger: Response payload: b'\x01\x00'
2026-10-02 10:19:11,345 [INFO] serial_rpc_logger: Response name: button_0_status
2026-10-02 10:19:11,345 [INFO] serial_rpc_logger: Setting value of button_0_status : button_0_state to 1
2026-10-02 10:19:11,345 [INFO] serial_rpc_logger: Setting value of button_0_status : button_0_press_count to 0
2026-10-02 10:19:11,345 [INFO] serial_rpc_logger: Request payload for request parameter button_1_status = [0]
2026-10-02 10:19:11,346 [INFO] serial_rpc_logger: Sending request payload: [0, 7, 1, 0, 0, 0, 0, 0, 0, 0, 0, 0, 0, 0, 0, 0, 0, 0, 0, 0, 0, 0, 0, 0, 0, 0, 0, 0, 0, 0, 0, 66]
2026-10-02 10:19:11,352 [INFO] serial_rpc_logger: Received a response from a bus target
2026-10-02 10:19:11,352 [INFO] serial_rpc_logger: Response packet ID: 7
2026-10-02 10:19:11,352 [INFO] serial_rpc_logger: Response payload length: 2
2026-10-02 10:19:11,352 [INFO] serial_rpc_logger: Response payload: b'\x01\x00'
2026-10-02 10:19:11,352 [INFO] serial_rpc_logger: Response name: button_1_status
2026-10-02 10:19:11,352 [INFO] serial_rpc_logger: Setting value of button_1_status : button_1_state to 1
2026-10-02 10:19:11,352 [INFO] serial_rpc_logger: Setting value of button_1_status : button_1_press_count to 0
2026-10-02 10:19:11,363 [INFO] serial_rpc_logger: Request payload for request parameter button_0_status = [0]
2026-10-02 10:19:11,364 [INFO] serial_rpc_logger: Sending request payload: [0, 5, 1, 0, 0, 0, 0, 0, 0, 0, 0, 0, 0, 0, 0, 0, 0, 0, 0, 0, 0, 0, 0, 0, 0, 0, 0, 0, 0, 0, 0, 223]
2026-10-02 10:19:11,371 [INFO] serial_rpc_logger: Received a response from a bus target
2026-10-02 10:19:11,371 [INFO] serial_rpc_logger: Response packet ID: 5
2026-10-02 10:19:11,371 [INFO] serial_rpc_logger: Response payload length: 2
2026-10-02 10:19:11,371 [INFO] serial_rpc_logger: Response payload: b'\x01\x00'
2026-10-02 10:19:11,372 [INFO] serial_rpc_logger: Response name: button_0_status
2026-10-02 10:19:11,372 [INFO] serial_rpc_logger: Setting value of button_0_status : button_0_state to 1
2026-10-02 10:19:11,372 [INFO] serial_rpc_logger: Setting value of button_0_status : button_0_press_count to 0
2026-10-02 10:19:11,372 [INFO] serial_rpc_logger: Request payload for request parameter button_1_status = [0]
2026-10-02 10:19:11,372 [INFO] serial_rpc_logger: Sending request payload: [0, 7, 1, 0, 0, 0, 0, 0, 0, 0, 0, 0, 0, 0, 0, 0, 0, 0, 0, 0, 0, 0, 0, 0, 0, 0, 0, 0, 0, 0, 0, 66]
2026-10-02 10:19:11,379 [INFO] serial_rpc_logger: Received a response from a bus target
2026-10-02 10:19:11,380 [INFO] serial_rpc_logger: Response packet ID: 7
2026-10-02 10:19:11,380 [INFO] serial_rpc_logger: Response payload length: 2
2026-10-02 10:19:11,380 [INFO] serial_rpc_logger: Response payload: b'\x01\x00'
2026-10-02 10:19:11,380 [INFO] serial_rpc_logger: Response name: button_1_status
2026-10-02 10:19:11,380 [INFO] serial_rpc_logger: Setting value of button_1_status : button_1_state to 1
2026-10-02 10:19:11,380 [INFO] serial_rpc_logger: Setting value of button_1_status : button_1_press_count to 0
2026-10-02 10:19:11,391 [INFO] serial_rpc_logger: Request payload for request parameter button_0_status = [0]
2026-10-02 10:19:11,391 [INFO] serial_rpc_logger: Sending request payload: [0, 5, 1, 0, 0, 0, 0, 0, 0, 0, 0, 0, 0, 0, 0, 0, 0, 0, 0, 0, 0, 0, 0, 0, 0, 0, 0, 0, 0, 0, 0, 223]
2026-10-02 10:19:11,397 [INFO] serial_rpc_logger: Received a response from a bus target
2026-10-02 10:19:11,398 [INFO] serial_rpc_logger: Response packet ID: 5
2026-10-02 10:19:11,399 [INFO] serial_rpc_logger: Response payload length: 2
2026-10-02 10:19:11,399 [INFO] serial_rpc_logger: Response payload: b'\x01\x00'
2026-10-02 10:19:11,399 [INFO] serial_rpc_logger: Response name: button_0_status
2026-10-02 10:19:11,399 [INFO] serial_rpc_logger: Setting value of button_0_status : button_0_state to 1
2026-10-02 10:19:11,399 [INFO] serial_rpc_logger: Setting value of button_0_status : button_0_press_count to 0
2026-10-02 10:19:11,399 [INFO] serial_rpc_logger: Request payload for request parameter button_1_status = [0]
2026-10-02 10:19:11,400 [INFO] serial_rpc_logger: Sending request payload: [0, 7, 1, 0, 0, 0, 0, 0, 0, 0, 0, 0, 0, 0, 0, 0, 0, 0, 0, 0, 0, 0, 0, 0, 0, 0, 0, 0, 0, 0, 0, 66]
2026-10-02 10:19:11,406 [INFO] serial_rpc_logger: Received a response from a bus target
2026-10-02 10:19:11,406 [INFO] serial_rpc_logger: Response packet ID: 7
2026-10-02 10:19:11,406 [INFO] serial_rpc_logger: Response payload length: 2
2026-10-02 10:19:11,406 [INFO] serial_rpc_logger: Response payload: b'\x01\x00'
2026-10-02 10:19:11,406 [INFO] serial_rpc_logger: Response name: button_1_status
2026-10-02 10:19:11,407 [INFO] serial_rpc_logger: Setting value of button_1_status : button_1_state to 1
2026-10-02 10:19:11,407 [INFO] serial_rpc_logger: Setting value of button_1_status : button_1_press_count to 0
2026-10-02 10:19:11,417 [INFO] serial_rpc_logger: Request payload for request parameter button_0_status = [0]
2026-10-02 10:19:11,417 [INFO] serial_rpc_logger: Sending request payload: [0, 5, 1, 0, 0, 0, 0, 0, 0, 0, 0, 0, 0, 0, 0, 0, 0, 0, 0, 0, 0, 0, 0, 0, 0, 0, 0, 0, 0, 0, 0, 223]
2026-10-02 10:19:11,424 [INFO] serial_rpc_logger: Received a response from a bus target
2026-10-02 10:19:11,424 [INFO] serial_rpc_logger: Response packet ID: 5
2026-10-02 10:19:11,424 [INFO] serial_rpc_logger: Response payload length: 2
2026-10-02 10:19:11,424 [INFO] serial_rpc_logger: Response payload: b'\x01\x00'
2026-10-02 10:19:11,424 [INFO] serial_rpc_logger: Response name: button_0_status
2026-10-02 10:19:11,424 [INFO] serial_rpc_logger: Setting value of button_0_status : button_0_state to 1
2026-10-02 10:19:11,424 [INFO] serial_rpc_logger: Setting value of button_0_status : button_0_press_count to 0
2026-10-02 10:19:11,425 [INFO] serial_rpc_logger: Request payload for request parameter button_1_status = [0]
2026-10-02 10:19:11,425 [INFO] serial_rpc_logger: Sending request payload: [0, 7, 1, 0, 0, 0, 0, 0, 0, 0, 0, 0, 0, 0, 0, 0, 0, 0, 0, 0, 0, 0, 0, 0, 0, 0, 0, 0, 0, 0, 0, 66]
2026-10-02 10:19:11,431 [INFO] serial_rpc_logger: Received a response from a bus target
2026-10-02 10:19:11,431 [INFO] serial_rpc_logger: Response packet ID: 7
2026-10-02 10:19:11,431 [INFO] serial_rpc_logger: Response payload length: 2
2026-10-02 10:19:11,432 [INFO] serial_rpc_logger: Response payload: b'\x01\x00'
2026-10-02 10:19:11,432 [INFO] serial_rpc_logger: Response name: button_1_status
2026-10-02 10:19:11,432 [INFO] serial_rpc_logger: Setting value of button_1_status : button_1_state to 1
2026-10-02 10:19:11,432 [INFO] serial_rpc_logger: Setting value of button_1_status : button_1_press_count to 0
2026-10-02 10:19:11,442 [INFO] serial_rpc_logger: Request payload for request parameter button_0_status = [0]
2026-10-02 10:19:11,443 [INFO] serial_rpc_logger: Sending request payload: [0, 5, 1, 0, 0, 0, 0, 0, 0, 0, 0, 0, 0, 0, 0, 0, 0, 0, 0, 0, 0, 0, 0, 0, 0, 0, 0, 0, 0, 0, 0, 223]
2026-10-02 10:19:11,449 [INFO] serial_rpc_logger: Received a response from a bus target
2026-10-02 10:19:11,450 [INFO] serial_rpc_logger: Response packet ID: 5
2026-10-02 10:19:11,450 [INFO] serial_rpc_logger: Response payload length: 2
2026-10-02 10:19:11,450 [INFO] serial_rpc_logger: Response payload: b'\x01\x00'
2026-10-02 10:19:11,450 [INFO] serial_rpc_logger: Response name: button_0_status
2026-10-02 10:19:11,450 [INFO] serial_rpc_logger: Setting value of button_0_status : button_0_state to 1
2026-10-02 10:19:11,451 [INFO] serial_rpc_logger: Setting value of button_0_status : button_0_press_count to 0
2026-10-02 10:19:11,451 [INFO] serial_rpc_logger: Request payload for request parameter button_1_status = [0]
2026-10-02 10:19:11,451 [INFO] serial_rpc_logger: Sending request payload: [0, 7, 1, 0, 0, 0, 0, 0, 0, 0, 0, 0, 0, 0, 0, 0, 0, 0, 0, 0, 0, 0, 0, 0, 0, 0, 0, 0, 0, 0, 0, 66]
2026-10-02 10:19:11,457 [INFO] serial_rpc_logger: Received a response from a bus target
2026-10-02 10:19:11,458 [INFO] serial_rpc_logger: Response packet ID: 7
2026-10-02 10:19:11,458 [INFO] serial_rpc_logger: Response payload length: 2
2026-10-02 10:19:11,458 [INFO] serial_rpc_logger: Response payload: b'\x01\x00'
2026-10-02 10:19:11,458 [INFO] serial_rpc_logger: Response name: button_1_status
2026-10-02 10:19:11,458 [INFO] serial_rpc_logger: Setting value of button_1_status : button_1_state to 1
2026-10-02 10:19:11,458 [INFO] serial_rpc_logger: Setting value of button_1_status : button_1_press_count to 0
2026-10-02 10:19:11,468 [INFO] serial_rpc_logger: Request payload for request parameter button_0_status = [0]
2026-10-02 10:19:11,469 [INFO] serial_rpc_logger: Sending request payload: [0, 5, 1, 0, 0, 0, 0, 0, 0, 0, 0, 0, 0, 0, 0, 0, 0, 0, 0, 0, 0, 0, 0, 0, 0, 0, 0, 0, 0, 0, 0, 223]
2026-10-02 10:19:11,475 [INFO] serial_rpc_logger: Received a response from a bus target
2026-10-02 10:19:11,475 [INFO] serial_rpc_logger: Response packet ID: 5
2026-10-02 10:19:11,475 [INFO] serial_rpc_logger: Response payload length: 2
2026-10-02 10:19:11,475 [INFO] serial_rpc_logger: Response payload: b'\x01\x00'
2026-10-02 10:19:11,475 [INFO] serial_rpc_logger: Response name: button_0_status
2026-10-02 10:19:11,475 [INFO] serial_rpc_logger: Setting value of button_0_status : button_0_state to 1
2026-10-02 10:19:11,475 [INFO] serial_rpc_logger: Setting value of button_0_status : button_0_press_count to 0
2026-10-02 10:19:11,475 [INFO] serial_rpc_logger: Request payload for request parameter button_1_status = [0]
2026-10-02 10:19:11,476 [INFO] serial_rpc_logger: Sending request payload: [0, 7, 1, 0, 0, 0, 0, 0, 0, 0, 0, 0, 0, 0, 0, 0, 0, 0, 0, 0, 0, 0, 0, 0, 0, 0, 0, 0, 0, 0, 0, 66]
2026-10-02 10:19:11,482 [INFO] serial_rpc_logger: Received a response from a bus target
2026-10-02 10:19:11,482 [INFO] serial_rpc_logger: Response packet ID: 7
2026-10-02 10:19:11,482 [INFO] serial_rpc_logger: Response payload length: 2
2026-10-02 10:19:11,482 [INFO] serial_rpc_logger: Response payload: b'\x01\x00'
2026-10-02 10:19:11,482 [INFO] serial_rpc_logger: Response name: button_1_status
2026-10-02 10:19:11,483 [INFO] serial_rpc_logger: Setting value of button_1_status : button_1_state to 1
2026-10-02 10:19:11,483 [INFO] serial_rpc_logger: Setting value of button_1_status : button_1_press_count to 0
2026-10-02 10:19:11,493 [INFO] serial_rpc_logger: Request payload for request parameter button_0_status = [0]
2026-10-02 10:19:11,493 [INFO] serial_rpc_logger: Sending request payload: [0, 5, 1, 0, 0, 0, 0, 0, 0, 0, 0, 0, 0, 0, 0, 0, 0, 0, 0, 0, 0, 0, 0, 0, 0, 0, 0, 0, 0, 0, 0, 223]
2026-10-02 10:19:11,500 [INFO] serial_rpc_logger: Received a response from a bus target
2026-10-02 10:19:11,500 [INFO] serial_rpc_logger: Response packet ID: 5
2026-10-02 10:19:11,500 [INFO] serial_rpc_logger: Response payload length: 2
2026-10-02 10:19:11,500 [INFO] serial_rpc_logger: Response payload: b'\x01\x00'
2026-10-02 10:19:11,500 [INFO] serial_rpc_logger: Response name: button_0_status
2026-10-02 10:19:11,500 [INFO] serial_rpc_logger: Setting value of button_0_status : button_0_state to 1
2026-10-02 10:19:11,501 [INFO] serial_rpc_logger: Setting value of button_0_status : button_0_press_count to 0
2026-10-02 10:19:11,501 [INFO] serial_rpc_logger: Request payload for request parameter button_1_status = [0]
2026-10-02 10:19:11,501 [INFO] serial_rpc_logger: Sending request payload: [0, 7, 1, 0, 0, 0, 0, 0, 0, 0, 0, 0, 0, 0, 0, 0, 0, 0, 0, 0, 0, 0, 0, 0, 0, 0, 0, 0, 0, 0, 0, 66]
2026-10-02 10:19:11,507 [INFO] serial_rpc_logger: Received a response from a bus target
2026-10-02 10:19:11,507 [INFO] serial_rpc_logger: Response packet ID: 7
2026-10-02 10:19:11,507 [INFO] serial_rpc_logger: Response payload length: 2
2026-10-02 10:19:11,507 [INFO] serial_rpc_logger: Response payload: b'\x01\x00'
2026-10-02 10:19:11,507 [INFO] serial_rpc_logger: Response name: button_1_status
2026-10-02 10:19:11,508 [INFO] serial_rpc_logger: Setting value of button_1_status : button_1_state to 1
2026-10-02 10:19:11,508 [INFO] serial_rpc_logger: Setting value of button_1_status : button_1_press_count to 0
2026-10-02 10:19:11,518 [INFO] serial_rpc_logger: Request payload for request parameter button_0_status = [0]
2026-10-02 10:19:11,519 [INFO] serial_rpc_logger: Sending request payload: [0, 5, 1, 0, 0, 0, 0, 0, 0, 0, 0, 0, 0, 0, 0, 0, 0, 0, 0, 0, 0, 0, 0, 0, 0, 0, 0, 0, 0, 0, 0, 223]
2026-10-02 10:19:11,525 [INFO] serial_rpc_logger: Received a response from a bus target
2026-10-02 10:19:11,525 [INFO] serial_rpc_logger: Response packet ID: 5
2026-10-02 10:19:11,525 [INFO] serial_rpc_logger: Response payload length: 2
2026-10-02 10:19:11,526 [INFO] serial_rpc_logger: Response payload: b'\x01\x00'
2026-10-02 10:19:11,526 [INFO] serial_rpc_logger: Response name: button_0_status
2026-10-02 10:19:11,526 [INFO] serial_rpc_logger: Setting value of button_0_status : button_0_state to 1
2026-10-02 10:19:11,526 [INFO] serial_rpc_logger: Setting value of button_0_status : button_0_press_count to 0
2026-10-02 10:19:11,526 [INFO] serial_rpc_logger: Request payload for request parameter button_1_status = [0]
2026-10-02 10:19:11,527 [INFO] serial_rpc_logger: Sending request payload: [0, 7, 1, 0, 0, 0, 0, 0, 0, 0, 0, 0, 0, 0, 0, 0, 0, 0, 0, 0, 0, 0, 0, 0, 0, 0, 0, 0, 0, 0, 0, 66]
2026-10-02 10:19:11,533 [INFO] serial_rpc_logger: Received a response from a bus target
2026-10-02 10:19:11,534 [INFO] serial_rpc_logger: Response packet ID: 7
2026-10-02 10:19:11,534 [INFO] serial_rpc_logger: Response payload length: 2
2026-10-02 10:19:11,535 [INFO] serial_rpc_logger: Response payload: b'\x01\x00'
2026-10-02 10:19:11,535 [INFO] serial_rpc_logger: Response name: button_1_status
2026-10-02 10:19:11,535 [INFO] serial_rpc_logger: Setting value of button_1_status : button_1_state to 1
2026-10-02 10:19:11,535 [INFO] serial_rpc_logger: Setting value of button_1_status : button_1_press_count to 0
2026-10-02 10:19:11,545 [INFO] serial_rpc_logger: Request payload for request parameter button_0_status = [0]
2026-10-02 10:19:11,546 [INFO] serial_rpc_logger: Sending request payload: [0, 5, 1, 0, 0, 0, 0, 0, 0, 0, 0, 0, 0, 0, 0, 0, 0, 0, 0, 0, 0, 0, 0, 0, 0, 0, 0, 0, 0, 0, 0, 223]
2026-10-02 10:19:11,552 [INFO] serial_rpc_logger: Received a response from a bus target
2026-10-02 10:19:11,553 [INFO] serial_rpc_logger: Response packet ID: 5
2026-10-02 10:19:11,553 [INFO] serial_rpc_logger: Response payload length: 2
2026-10-02 10:19:11,553 [INFO] serial_rpc_logger: Response payload: b'\x01\x00'
2026-10-02 10:19:11,553 [INFO] serial_rpc_logger: Response name: button_0_status
2026-10-02 10:19:11,553 [INFO] serial_rpc_logger: Setting value of button_0_status : button_0_state to 1
2026-10-02 10:19:11,553 [INFO] serial_rpc_logger: Setting value of button_0_status : button_0_press_count to 0
2026-10-02 10:19:11,553 [INFO] serial_rpc_logger: Request payload for request parameter button_1_status = [0]
2026-10-02 10:19:11,553 [INFO] serial_rpc_logger: Sending request payload: [0, 7, 1, 0, 0, 0, 0, 0, 0, 0, 0, 0, 0, 0, 0, 0, 0, 0, 0, 0, 0, 0, 0, 0, 0, 0, 0, 0, 0, 0, 0, 66]
2026-10-02 10:19:11,560 [INFO] serial_rpc_logger: Received a response from a bus target
2026-10-02 10:19:11,560 [INFO] serial_rpc_logger: Response packet ID: 7
2026-10-02 10:19:11,561 [INFO] serial_rpc_logger: Response payload length: 2
2026-10-02 10:19:11,561 [INFO] serial_rpc_logger: Response payload: b'\x01\x00'
2026-10-02 10:19:11,561 [INFO] serial_rpc_logger: Response name: button_1_status
2026-10-02 10:19:11,562 [INFO] serial_rpc_logger: Setting value of button_1_status : button_1_state to 1
2026-10-02 10:19:11,562 [INFO] serial_rpc_logger: Setting value of button_1_status : button_1_press_count to 0
2026-10-02 10:19:11,573 [INFO] serial_rpc_logger: Request payload for request parameter button_0_status = [0]
2026-10-02 10:19:11,574 [INFO] serial_rpc_logger: Sending request payload: [0, 5, 1, 0, 0, 0, 0, 0, 0, 0, 0, 0, 0, 0, 0, 0, 0, 0, 0, 0, 0, 0, 0, 0, 0, 0, 0, 0, 0, 0, 0, 223]
2026-10-02 10:19:11,581 [INFO] serial_rpc_logger: Received a response from a bus target
2026-10-02 10:19:11,582 [INFO] serial_rpc_logger: Response packet ID: 5
2026-10-02 10:19:11,582 [INFO] serial_rpc_logger: Response payload length: 2
2026-10-02 10:19:11,582 [INFO] serial_rpc_logger: Response payload: b'\x01\x00'
2026-10-02 10:19:11,582 [INFO] serial_rpc_logger: Response name: button_0_status
2026-10-02 10:19:11,582 [INFO] serial_rpc_logger: Setting value of button_0_status : button_0_state to 1
2026-10-02 10:19:11,582 [INFO] serial_rpc_logger: Setting value of button_0_status : button_0_press_count to 0
2026-10-02 10:19:11,582 [INFO] serial_rpc_logger: Request payload for request parameter button_1_status = [0]
2026-10-02 10:19:11,583 [INFO] serial_rpc_logger: Sending request payload: [0, 7, 1, 0, 0, 0, 0, 0, 0, 0, 0, 0, 0, 0, 0, 0, 0, 0, 0, 0, 0, 0, 0, 0, 0, 0, 0, 0, 0, 0, 0, 66]
2026-10-02 10:19:11,589 [INFO] serial_rpc_logger: Received a response from a bus target
2026-10-02 10:19:11,589 [INFO] serial_rpc_logger: Response packet ID: 7
2026-10-02 10:19:11,589 [INFO] serial_rpc_logger: Response payload length: 2
2026-10-02 10:19:11,589 [INFO] serial_rpc_logger: Response payload: b'\x01\x00'
2026-10-02 10:19:11,590 [INFO] serial_rpc_logger: Response name: button_1_status
2026-10-02 10:19:11,590 [INFO] serial_rpc_logger: Setting value of button_1_status : button_1_state to 1
2026-10-02 10:19:11,590 [INFO] serial_rpc_logger: Setting value of button_1_status : button_1_press_count to 0
2026-10-02 10:19:11,600 [INFO] serial_rpc_logger: Request payload for request parameter button_0_status = [0]
2026-10-02 10:19:11,600 [INFO] serial_rpc_logger: Sending request payload: [0, 5, 1, 0, 0, 0, 0, 0, 0, 0, 0, 0, 0, 0, 0, 0, 0, 0, 0, 0, 0, 0, 0, 0, 0, 0, 0, 0, 0, 0, 0, 223]
2026-10-02 10:19:11,607 [INFO] serial_rpc_logger: Received a response from a bus target
2026-10-02 10:19:11,607 [INFO] serial_rpc_logger: Response packet ID: 5
2026-10-02 10:19:11,607 [INFO] serial_rpc_logger: Response payload length: 2
2026-10-02 10:19:11,607 [INFO] serial_rpc_logger: Response payload: b'\x01\x00'
2026-10-02 10:19:11,607 [INFO] serial_rpc_logger: Response name: button_0_status
2026-10-02 10:19:11,607 [INFO] serial_rpc_logger: Setting value of button_0_status : button_0_state to 1
2026-10-02 10:19:11,607 [INFO] serial_rpc_logger: Setting value of button_0_status : button_0_press_count to 0
2026-10-02 10:19:11,607 [INFO] serial_rpc_logger: Request payload for request parameter button_1_status = [0]
2026-10-02 10:19:11,608 [INFO] serial_rpc_logger: Sending request payload: [0, 7, 1, 0, 0, 0, 0, 0, 0, 0, 0, 0, 0, 0, 0, 0, 0, 0, 0, 0, 0, 0, 0, 0, 0, 0, 0, 0, 0, 0, 0, 66]
2026-10-02 10:19:11,614 [INFO] serial_rpc_logger: Received a response from a bus target
2026-10-02 10:19:11,614 [INFO] serial_rpc_logger: Response packet ID: 7
2026-10-02 10:19:11,614 [INFO] serial_rpc_logger: Response payload length: 2
2026-10-02 10:19:11,614 [INFO] serial_rpc_logger: Response payload: b'\x01\x00'
2026-10-02 10:19:11,614 [INFO] serial_rpc_logger: Response name: button_1_status
2026-10-02 10:19:11,614 [INFO] serial_rpc_logger: Setting value of button_1_status : button_1_state to 1
2026-10-02 10:19:11,615 [INFO] serial_rpc_logger: Setting value of button_1_status : button_1_press_count to 0
2026-10-02 10:19:11,625 [INFO] serial_rpc_logger: Request payload for request parameter button_0_status = [0]
2026-10-02 10:19:11,625 [INFO] serial_rpc_logger: Sending request payload: [0, 5, 1, 0, 0, 0, 0, 0, 0, 0, 0, 0, 0, 0, 0, 0, 0, 0, 0, 0, 0, 0, 0, 0, 0, 0, 0, 0, 0, 0, 0, 223]
2026-10-02 10:19:11,632 [INFO] serial_rpc_logger: Received a response from a bus target
2026-10-02 10:19:11,632 [INFO] serial_rpc_logger: Response packet ID: 5
2026-10-02 10:19:11,633 [INFO] serial_rpc_logger: Response payload length: 2
2026-10-02 10:19:11,633 [INFO] serial_rpc_logger: Response payload: b'\x01\x00'
2026-10-02 10:19:11,633 [INFO] serial_rpc_logger: Response name: button_0_status
2026-10-02 10:19:11,633 [INFO] serial_rpc_logger: Setting value of button_0_status : button_0_state to 1
2026-10-02 10:19:11,634 [INFO] serial_rpc_logger: Setting value of button_0_status : button_0_press_count to 0
2026-10-02 10:19:11,634 [INFO] serial_rpc_logger: Request payload for request parameter button_1_status = [0]
2026-10-02 10:19:11,634 [INFO] serial_rpc_logger: Sending request payload: [0, 7, 1, 0, 0, 0, 0, 0, 0, 0, 0, 0, 0, 0, 0, 0, 0, 0, 0, 0, 0, 0, 0, 0, 0, 0, 0, 0, 0, 0, 0, 66]
2026-10-02 10:19:11,641 [INFO] serial_rpc_logger: Received a response from a bus target
2026-10-02 10:19:11,641 [INFO] serial_rpc_logger: Response packet ID: 7
2026-10-02 10:19:11,641 [INFO] serial_rpc_logger: Response payload length: 2
2026-10-02 10:19:11,641 [INFO] serial_rpc_logger: Response payload: b'\x01\x00'
2026-10-02 10:19:11,641 [INFO] serial_rpc_logger: Response name: button_1_status
2026-10-02 10:19:11,641 [INFO] serial_rpc_logger: Setting value of button_1_status : button_1_state to 1
2026-10-02 10:19:11,641 [INFO] serial_rpc_logger: Setting value of button_1_status : button_1_press_count to 0
2026-10-02 10:19:11,652 [INFO] serial_rpc_logger: Request payload for request parameter button_0_status = [0]
2026-10-02 10:19:11,652 [INFO] serial_rpc_logger: Sending request payload: [0, 5, 1, 0, 0, 0, 0, 0, 0, 0, 0, 0, 0, 0, 0, 0, 0, 0, 0, 0, 0, 0, 0, 0, 0, 0, 0, 0, 0, 0, 0, 223]
2026-10-02 10:19:11,659 [INFO] serial_rpc_logger: Received a response from a bus target
2026-10-02 10:19:11,659 [INFO] serial_rpc_logger: Response packet ID: 5
2026-10-02 10:19:11,660 [INFO] serial_rpc_logger: Response payload length: 2
2026-10-02 10:19:11,660 [INFO] serial_rpc_logger: Response payload: b'\x01\x00'
2026-10-02 10:19:11,660 [INFO] serial_rpc_logger: Response name: button_0_status
2026-10-02 10:19:11,660 [INFO] serial_rpc_logger: Setting value of button_0_status : button_0_state to 1
2026-10-02 10:19:11,660 [INFO] serial_rpc_logger: Setting value of button_0_status : button_0_press_count to 0
2026-10-02 10:19:11,661 [INFO] serial_rpc_logger: Request payload for request parameter button_1_status = [0]
2026-10-02 10:19:11,661 [INFO] serial_rpc_logger: Sending request payload: [0, 7, 1, 0, 0, 0, 0, 0, 0, 0, 0, 0, 0, 0, 0, 0, 0, 0, 0, 0, 0, 0, 0, 0, 0, 0, 0, 0, 0, 0, 0, 66]
2026-10-02 10:19:11,668 [INFO] serial_rpc_logger: Received a response from a bus target
2026-10-02 10:19:11,668 [INFO] serial_rpc_logger: Response packet ID: 7
2026-10-02 10:19:11,668 [INFO] serial_rpc_logger: Response payload length: 2
2026-10-02 10:19:11,669 [INFO] serial_rpc_logger: Response payload: b'\x01\x00'
2026-10-02 10:19:11,669 [INFO] serial_rpc_logger: Response name: button_1_status
2026-10-02 10:19:11,669 [INFO] serial_rpc_logger: Setting value of button_1_status : button_1_state to 1
2026-10-02 10:19:11,669 [INFO] serial_rpc_logger: Setting value of button_1_status : button_1_press_count to 0
2026-10-02 10:19:11,680 [INFO] serial_rpc_logger: Request payload for request parameter button_0_status = [0]
2026-10-02 10:19:11,681 [INFO] serial_rpc_logger: Sending request payload: [0, 5, 1, 0, 0, 0, 0, 0, 0, 0, 0, 0, 0, 0, 0, 0, 0, 0, 0, 0, 0, 0, 0, 0, 0, 0, 0, 0, 0, 0, 0, 223]
2026-10-02 10:19:11,687 [INFO] serial_rpc_logger: Received a response from a bus target
2026-10-02 10:19:11,688 [INFO] serial_rpc_logger: Response packet ID: 5
2026-10-02 10:19:11,688 [INFO] serial_rpc_logger: Response payload length: 2
2026-10-02 10:19:11,688 [INFO] serial_rpc_logger: Response payload: b'\x01\x00'
2026-10-02 10:19:11,688 [INFO] serial_rpc_logger: Response name: button_0_status
2026-10-02 10:19:11,688 [INFO] serial_rpc_logger: Setting value of button_0_status : button_0_state to 1
2026-10-02 10:19:11,688 [INFO] serial_rpc_logger: Setting value of button_0_status : button_0_press_count to 0
2026-10-02 10:19:11,688 [INFO] serial_rpc_logger: Request payload for request parameter button_1_status = [0]
2026-10-02 10:19:11,688 [INFO] serial_rpc_logger: Sending request payload: [0, 7, 1, 0, 0, 0, 0, 0, 0, 0, 0, 0, 0, 0, 0, 0, 0, 0, 0, 0, 0, 0, 0, 0, 0, 0, 0, 0, 0, 0, 0, 66]
2026-10-02 10:19:11,695 [INFO] serial_rpc_logger: Received a response from a bus target
2026-10-02 10:19:11,696 [INFO] serial_rpc_logger: Response packet ID: 7
2026-10-02 10:19:11,696 [INFO] serial_rpc_logger: Response payload length: 2
2026-10-02 10:19:11,696 [INFO] serial_rpc_logger: Response payload: b'\x01\x00'
2026-10-02 10:19:11,696 [INFO] serial_rpc_logger: Response name: button_1_status
2026-10-02 10:19:11,696 [INFO] serial_rpc_logger: Setting value of button_1_status : button_1_state to 1
2026-10-02 10:19:11,696 [INFO] serial_rpc_logger: Setting value of button_1_status : button_1_press_count to 0
2026-10-02 10:19:11,707 [INFO] serial_rpc_logger: Request payload for request parameter button_0_status = [0]
2026-10-02 10:19:11,707 [INFO] serial_rpc_logger: Sending request payload: [0, 5, 1, 0, 0, 0, 0, 0, 0, 0, 0, 0, 0, 0, 0, 0, 0, 0, 0, 0, 0, 0, 0, 0, 0, 0, 0, 0, 0, 0, 0, 223]
2026-10-02 10:19:11,714 [INFO] serial_rpc_logger: Received a response from a bus target
2026-10-02 10:19:11,715 [INFO] serial_rpc_logger: Response packet ID: 5
2026-10-02 10:19:11,715 [INFO] serial_rpc_logger: Response payload length: 2
2026-10-02 10:19:11,715 [INFO] serial_rpc_logger: Response payload: b'\x01\x00'
2026-10-02 10:19:11,715 [INFO] serial_rpc_logger: Response name: button_0_status
2026-10-02 10:19:11,716 [INFO] serial_rpc_logger: Setting value of button_0_status : button_0_state to 1
2026-10-02 10:19:11,716 [INFO] serial_rpc_logger: Setting value of button_0_status : button_0_press_count to 0
2026-10-02 10:19:11,716 [INFO] serial_rpc_logger: Request payload for request parameter button_1_status = [0]
2026-10-02 10:19:11,716 [INFO] serial_rpc_logger: Sending request payload: [0, 7, 1, 0, 0, 0, 0, 0, 0, 0, 0, 0, 0, 0, 0, 0, 0, 0, 0, 0, 0, 0, 0, 0, 0, 0, 0, 0, 0, 0, 0, 66]
2026-10-02 10:19:11,723 [INFO] serial_rpc_logger: Received a response from a bus target
2026-10-02 10:19:11,723 [INFO] serial_rpc_logger: Response packet ID: 7
2026-10-02 10:19:11,723 [INFO] serial_rpc_logger: Response payload length: 2
2026-10-02 10:19:11,723 [INFO] serial_rpc_logger: Response payload: b'\x01\x00'
2026-10-02 10:19:11,723 [INFO] serial_rpc_logger: Response name: button_1_status
2026-10-02 10:19:11,723 [INFO] serial_rpc_logger: Setting value of button_1_status : button_1_state to 1
2026-10-02 10:19:11,724 [INFO] serial_rpc_logger: Setting value of button_1_status : button_1_press_count to 0
2026-10-02 10:19:11,734 [INFO] serial_rpc_logger: Request payload for request parameter button_0_status = [0]
2026-10-02 10:19:11,734 [INFO] serial_rpc_logger: Sending request payload: [0, 5, 1, 0, 0, 0, 0, 0, 0, 0, 0, 0, 0, 0, 0, 0, 0, 0, 0, 0, 0, 0, 0, 0, 0, 0, 0, 0, 0, 0, 0, 223]
2026-10-02 10:19:11,741 [INFO] serial_rpc_logger: Received a response from a bus target
2026-10-02 10:19:11,741 [INFO] serial_rpc_logger: Response packet ID: 5
2026-10-02 10:19:11,741 [INFO] serial_rpc_logger: Response payload length: 2
2026-10-02 10:19:11,741 [INFO] serial_rpc_logger: Response payload: b'\x01\x00'
2026-10-02 10:19:11,741 [INFO] serial_rpc_logger: Response name: button_0_status
2026-10-02 10:19:11,741 [INFO] serial_rpc_logger: Setting value of button_0_status : button_0_state to 1
2026-10-02 10:19:11,741 [INFO] serial_rpc_logger: Setting value of button_0_status : button_0_press_count to 0
2026-10-02 10:19:11,741 [INFO] serial_rpc_logger: Request payload for request parameter button_1_status = [0]
2026-10-02 10:19:11,742 [INFO] serial_rpc_logger: Sending request payload: [0, 7, 1, 0, 0, 0, 0, 0, 0, 0, 0, 0, 0, 0, 0, 0, 0, 0, 0, 0, 0, 0, 0, 0, 0, 0, 0, 0, 0, 0, 0, 66]
2026-10-02 10:19:11,748 [INFO] serial_rpc_logger: Received a response from a bus target
2026-10-02 10:19:11,748 [INFO] serial_rpc_logger: Response packet ID: 7
2026-10-02 10:19:11,749 [INFO] serial_rpc_logger: Response payload length: 2
2026-10-02 10:19:11,749 [INFO] serial_rpc_logger: Response payload: b'\x01\x00'
2026-10-02 10:19:11,749 [INFO] serial_rpc_logger: Response name: button_1_status
2026-10-02 10:19:11,749 [INFO] serial_rpc_logger: Setting value of button_1_status : button_1_state to 1
2026-10-02 10:19:11,749 [INFO] serial_rpc_logger: Setting value of button_1_status : button_1_press_count to 0
2026-10-02 10:19:11,760 [INFO] serial_rpc_logger: Request payload for request parameter button_0_status = [0]
2026-10-02 10:19:11,760 [INFO] serial_rpc_logger: Sending request payload: [0, 5, 1, 0, 0, 0, 0, 0, 0, 0, 0, 0, 0, 0, 0, 0, 0, 0, 0, 0, 0, 0, 0, 0, 0, 0, 0, 0, 0, 0, 0, 223]
2026-10-02 10:19:11,767 [INFO] serial_rpc_logger: Received a response from a bus target
2026-10-02 10:19:11,767 [INFO] serial_rpc_logger: Response packet ID: 5
2026-10-02 10:19:11,767 [INFO] serial_rpc_logger: Response payload length: 2
2026-10-02 10:19:11,767 [INFO] serial_rpc_logger: Response payload: b'\x01\x00'
2026-10-02 10:19:11,767 [INFO] serial_rpc_logger: Response name: button_0_status
2026-10-02 10:19:11,767 [INFO] serial_rpc_logger: Setting value of button_0_status : button_0_state to 1
2026-10-02 10:19:11,768 [INFO] serial_rpc_logger: Setting value of button_0_status : button_0_press_count to 0
2026-10-02 10:19:11,768 [INFO] serial_rpc_logger: Request payload for request parameter button_1_status = [0]
2026-10-02 10:19:11,768 [INFO] serial_rpc_logger: Sending request payload: [0, 7, 1, 0, 0, 0, 0, 0, 0, 0, 0, 0, 0, 0, 0, 0, 0, 0, 0, 0, 0, 0, 0, 0, 0, 0, 0, 0, 0, 0, 0, 66]
2026-10-02 10:19:11,774 [INFO] serial_rpc_logger: Received a response from a bus target
2026-10-02 10:19:11,774 [INFO] serial_rpc_logger: Response packet ID: 7
2026-10-02 10:19:11,774 [INFO] serial_rpc_logger: Response payload length: 2
2026-10-02 10:19:11,775 [INFO] serial_rpc_logger: Response payload: b'\x01\x00'
2026-10-02 10:19:11,775 [INFO] serial_rpc_logger: Response name: button_1_status
2026-10-02 10:19:11,775 [INFO] serial_rpc_logger: Setting value of button_1_status : button_1_state to 1
2026-10-02 10:19:11,775 [INFO] serial_rpc_logger: Setting value of button_1_status : button_1_press_count to 0
2026-10-02 10:19:11,785 [INFO] serial_rpc_logger: Request payload for request parameter button_0_status = [0]
2026-10-02 10:19:11,786 [INFO] serial_rpc_logger: Sending request payload: [0, 5, 1, 0, 0, 0, 0, 0, 0, 0, 0, 0, 0, 0, 0, 0, 0, 0, 0, 0, 0, 0, 0, 0, 0, 0, 0, 0, 0, 0, 0, 223]
2026-10-02 10:19:11,792 [INFO] serial_rpc_logger: Received a response from a bus target
2026-10-02 10:19:11,793 [INFO] serial_rpc_logger: Response packet ID: 5
2026-10-02 10:19:11,793 [INFO] serial_rpc_logger: Response payload length: 2
2026-10-02 10:19:11,794 [INFO] serial_rpc_logger: Response payload: b'\x01\x00'
2026-10-02 10:19:11,794 [INFO] serial_rpc_logger: Response name: button_0_status
2026-10-02 10:19:11,794 [INFO] serial_rpc_logger: Setting value of button_0_status : button_0_state to 1
2026-10-02 10:19:11,794 [INFO] serial_rpc_logger: Setting value of button_0_status : button_0_press_count to 0
2026-10-02 10:19:11,794 [INFO] serial_rpc_logger: Request payload for request parameter button_1_status = [0]
2026-10-02 10:19:11,794 [INFO] serial_rpc_logger: Sending request payload: [0, 7, 1, 0, 0, 0, 0, 0, 0, 0, 0, 0, 0, 0, 0, 0, 0, 0, 0, 0, 0, 0, 0, 0, 0, 0, 0, 0, 0, 0, 0, 66]
2026-10-02 10:19:11,801 [INFO] serial_rpc_logger: Received a response from a bus target
2026-10-02 10:19:11,801 [INFO] serial_rpc_logger: Response packet ID: 7
2026-10-02 10:19:11,801 [INFO] serial_rpc_logger: Response payload length: 2
2026-10-02 10:19:11,801 [INFO] serial_rpc_logger: Response payload: b'\x01\x00'
2026-10-02 10:19:11,801 [INFO] serial_rpc_logger: Response name: button_1_status
2026-10-02 10:19:11,801 [INFO] serial_rpc_logger: Setting value of button_1_status : button_1_state to 1
2026-10-02 10:19:11,801 [INFO] serial_rpc_logger: Setting value of button_1_status : button_1_press_count to 0
2026-10-02 10:19:11,812 [INFO] serial_rpc_logger: Request payload for request parameter button_0_status = [0]
2026-10-02 10:19:11,812 [INFO] serial_rpc_logger: Sending request payload: [0, 5, 1, 0, 0, 0, 0, 0, 0, 0, 0, 0, 0, 0, 0, 0, 0, 0, 0, 0, 0, 0, 0, 0, 0, 0, 0, 0, 0, 0, 0, 223]
2026-10-02 10:19:11,818 [INFO] serial_rpc_logger: Received a response from a bus target
2026-10-02 10:19:11,819 [INFO] serial_rpc_logger: Response packet ID: 5
2026-10-02 10:19:11,819 [INFO] serial_rpc_logger: Response payload length: 2
2026-10-02 10:19:11,819 [INFO] serial_rpc_logger: Response payload: b'\x01\x00'
2026-10-02 10:19:11,819 [INFO] serial_rpc_logger: Response name: button_0_status
2026-10-02 10:19:11,819 [INFO] serial_rpc_logger: Setting value of button_0_status : button_0_state to 1
2026-10-02 10:19:11,819 [INFO] serial_rpc_logger: Setting value of button_0_status : button_0_press_count to 0
2026-10-02 10:19:11,819 [INFO] serial_rpc_logger: Request payload for request parameter button_1_status = [0]
2026-10-02 10:19:11,819 [INFO] serial_rpc_logger: Sending request payload: [0, 7, 1, 0, 0, 0, 0, 0, 0, 0, 0, 0, 0, 0, 0, 0, 0, 0, 0, 0, 0, 0, 0, 0, 0, 0, 0, 0, 0, 0, 0, 66]
2026-10-02 10:19:11,825 [INFO] serial_rpc_logger: Received a response from a bus target
2026-10-02 10:19:11,825 [INFO] serial_rpc_logger: Response packet ID: 7
2026-10-02 10:19:11,826 [INFO] serial_rpc_logger: Response payload length: 2
2026-10-02 10:19:11,826 [INFO] serial_rpc_logger: Response payload: b'\x01\x00'
2026-10-02 10:19:11,826 [INFO] serial_rpc_logger: Response name: button_1_status
2026-10-02 10:19:11,826 [INFO] serial_rpc_logger: Setting value of button_1_status : button_1_state to 1
2026-10-02 10:19:11,826 [INFO] serial_rpc_logger: Setting value of button_1_status : button_1_press_count to 0
2026-10-02 10:19:11,837 [INFO] serial_rpc_logger: Request payload for request parameter button_0_status = [0]
2026-10-02 10:19:11,837 [INFO] serial_rpc_logger: Sending request payload: [0, 5, 1, 0, 0, 0, 0, 0, 0, 0, 0, 0, 0, 0, 0, 0, 0, 0, 0, 0, 0, 0, 0, 0, 0, 0, 0, 0, 0, 0, 0, 223]
2026-10-02 10:19:11,844 [INFO] serial_rpc_logger: Received a response from a bus target
2026-10-02 10:19:11,844 [INFO] serial_rpc_logger: Response packet ID: 5
2026-10-02 10:19:11,845 [INFO] serial_rpc_logger: Response payload length: 2
2026-10-02 10:19:11,845 [INFO] serial_rpc_logger: Response payload: b'\x01\x00'
2026-10-02 10:19:11,845 [INFO] serial_rpc_logger: Response name: button_0_status
2026-10-02 10:19:11,845 [INFO] serial_rpc_logger: Setting value of button_0_status : button_0_state to 1
2026-10-02 10:19:11,845 [INFO] serial_rpc_logger: Setting value of button_0_status : button_0_press_count to 0
2026-10-02 10:19:11,845 [INFO] serial_rpc_logger: Request payload for request parameter button_1_status = [0]
2026-10-02 10:19:11,845 [INFO] serial_rpc_logger: Sending request payload: [0, 7, 1, 0, 0, 0, 0, 0, 0, 0, 0, 0, 0, 0, 0, 0, 0, 0, 0, 0, 0, 0, 0, 0, 0, 0, 0, 0, 0, 0, 0, 66]
2026-10-02 10:19:11,852 [INFO] serial_rpc_logger: Received a response from a bus target
2026-10-02 10:19:11,852 [INFO] serial_rpc_logger: Response packet ID: 7
2026-10-02 10:19:11,852 [INFO] serial_rpc_logger: Response payload length: 2
2026-10-02 10:19:11,852 [INFO] serial_rpc_logger: Response payload: b'\x01\x00'
2026-10-02 10:19:11,852 [INFO] serial_rpc_logger: Response name: button_1_status
2026-10-02 10:19:11,852 [INFO] serial_rpc_logger: Setting value of button_1_status : button_1_state to 1
2026-10-02 10:19:11,852 [INFO] serial_rpc_logger: Setting value of button_1_status : button_1_press_count to 0
2026-10-02 10:19:11,863 [INFO] serial_rpc_logger: Request payload for request parameter button_0_status = [0]
2026-10-02 10:19:11,864 [INFO] serial_rpc_logger: Sending request payload: [0, 5, 1, 0, 0, 0, 0, 0, 0, 0, 0, 0, 0, 0, 0, 0, 0, 0, 0, 0, 0, 0, 0, 0, 0, 0, 0, 0, 0, 0, 0, 223]
2026-10-02 10:19:11,871 [INFO] serial_rpc_logger: Received a response from a bus target
2026-10-02 10:19:11,871 [INFO] serial_rpc_logger: Response packet ID: 5
2026-10-02 10:19:11,872 [INFO] serial_rpc_logger: Response payload length: 2
2026-10-02 10:19:11,872 [INFO] serial_rpc_logger: Response payload: b'\x01\x00'
2026-10-02 10:19:11,872 [INFO] serial_rpc_logger: Response name: button_0_status
2026-10-02 10:19:11,872 [INFO] serial_rpc_logger: Setting value of button_0_status : button_0_state to 1
2026-10-02 10:19:11,872 [INFO] serial_rpc_logger: Setting value of button_0_status : button_0_press_count to 0
2026-10-02 10:19:11,872 [INFO] serial_rpc_logger: Request payload for request parameter button_1_status = [0]
2026-10-02 10:19:11,872 [INFO] serial_rpc_logger: Sending request payload: [0, 7, 1, 0, 0, 0, 0, 0, 0, 0, 0, 0, 0, 0, 0, 0, 0, 0, 0, 0, 0, 0, 0, 0, 0, 0, 0, 0, 0, 0, 0, 66]
2026-10-02 10:19:11,879 [INFO] serial_rpc_logger: Received a response from a bus target
2026-10-02 10:19:11,879 [INFO] serial_rpc_logger: Response packet ID: 7
2026-10-02 10:19:11,879 [INFO] serial_rpc_logger: Response payload length: 2
2026-10-02 10:19:11,879 [INFO] serial_rpc_logger: Response payload: b'\x01\x00'
2026-10-02 10:19:11,879 [INFO] serial_rpc_logger: Response name: button_1_status
2026-10-02 10:19:11,879 [INFO] serial_rpc_logger: Setting value of button_1_status : button_1_state to 1
2026-10-02 10:19:11,879 [INFO] serial_rpc_logger: Setting value of button_1_status : button_1_press_count to 0
2026-10-02 10:19:11,890 [INFO] serial_rpc_logger: Request payload for request parameter button_0_status = [0]
2026-10-02 10:19:11,890 [INFO] serial_rpc_logger: Sending request payload: [0, 5, 1, 0, 0, 0, 0, 0, 0, 0, 0, 0, 0, 0, 0, 0, 0, 0, 0, 0, 0, 0, 0, 0, 0, 0, 0, 0, 0, 0, 0, 223]
2026-10-02 10:19:11,897 [INFO] serial_rpc_logger: Received a response from a bus target
2026-10-02 10:19:11,898 [INFO] serial_rpc_logger: Response packet ID: 5
2026-10-02 10:19:11,899 [INFO] serial_rpc_logger: Response payload length: 2
2026-10-02 10:19:11,899 [INFO] serial_rpc_logger: Response payload: b'\x01\x00'
2026-10-02 10:19:11,899 [INFO] serial_rpc_logger: Response name: button_0_status
2026-10-02 10:19:11,899 [INFO] serial_rpc_logger: Setting value of button_0_status : button_0_state to 1
2026-10-02 10:19:11,899 [INFO] serial_rpc_logger: Setting value of button_0_status : button_0_press_count to 0
2026-10-02 10:19:11,899 [INFO] serial_rpc_logger: Request payload for request parameter button_1_status = [0]
2026-10-02 10:19:11,899 [INFO] serial_rpc_logger: Sending request payload: [0, 7, 1, 0, 0, 0, 0, 0, 0, 0, 0, 0, 0, 0, 0, 0, 0, 0, 0, 0, 0, 0, 0, 0, 0, 0, 0, 0, 0, 0, 0, 66]
2026-10-02 10:19:11,906 [INFO] serial_rpc_logger: Received a response from a bus target
2026-10-02 10:19:11,906 [INFO] serial_rpc_logger: Response packet ID: 7
2026-10-02 10:19:11,906 [INFO] serial_rpc_logger: Response payload length: 2
2026-10-02 10:19:11,906 [INFO] serial_rpc_logger: Response payload: b'\x01\x00'
2026-10-02 10:19:11,906 [INFO] serial_rpc_logger: Response name: button_1_status
2026-10-02 10:19:11,906 [INFO] serial_rpc_logger: Setting value of button_1_status : button_1_state to 1
2026-10-02 10:19:11,906 [INFO] serial_rpc_logger: Setting value of button_1_status : button_1_press_count to 0
2026-10-02 10:19:11,917 [INFO] serial_rpc_logger: Request payload for request parameter button_0_status = [0]
2026-10-02 10:19:11,917 [INFO] serial_rpc_logger: Sending request payload: [0, 5, 1, 0, 0, 0, 0, 0, 0, 0, 0, 0, 0, 0, 0, 0, 0, 0, 0, 0, 0, 0, 0, 0, 0, 0, 0, 0, 0, 0, 0, 223]
2026-10-02 10:19:11,923 [INFO] serial_rpc_logger: Received a response from a bus target
2026-10-02 10:19:11,924 [INFO] serial_rpc_logger: Response packet ID: 5
2026-10-02 10:19:11,924 [INFO] serial_rpc_logger: Response payload length: 2
2026-10-02 10:19:11,924 [INFO] serial_rpc_logger: Response payload: b'\x01\x00'
2026-10-02 10:19:11,924 [INFO] serial_rpc_logger: Response name: button_0_status
2026-10-02 10:19:11,924 [INFO] serial_rpc_logger: Setting value of button_0_status : button_0_state to 1
2026-10-02 10:19:11,924 [INFO] serial_rpc_logger: Setting value of button_0_status : button_0_press_count to 0
2026-10-02 10:19:11,924 [INFO] serial_rpc_logger: Request payload for request parameter button_1_status = [0]
2026-10-02 10:19:11,924 [INFO] serial_rpc_logger: Sending request payload: [0, 7, 1, 0, 0, 0, 0, 0, 0, 0, 0, 0, 0, 0, 0, 0, 0, 0, 0, 0, 0, 0, 0, 0, 0, 0, 0, 0, 0, 0, 0, 66]
2026-10-02 10:19:11,931 [INFO] serial_rpc_logger: Received a response from a bus target
2026-10-02 10:19:11,931 [INFO] serial_rpc_logger: Response packet ID: 7
2026-10-02 10:19:11,931 [INFO] serial_rpc_logger: Response payload length: 2
2026-10-02 10:19:11,931 [INFO] serial_rpc_logger: Response payload: b'\x01\x00'
2026-10-02 10:19:11,931 [INFO] serial_rpc_logger: Response name: button_1_status
2026-10-02 10:19:11,931 [INFO] serial_rpc_logger: Setting value of button_1_status : button_1_state to 1
2026-10-02 10:19:11,932 [INFO] serial_rpc_logger: Setting value of button_1_status : button_1_press_count to 0
2026-10-02 10:19:11,942 [INFO] serial_rpc_logger: Request payload for request parameter button_0_status = [0]
2026-10-02 10:19:11,943 [INFO] serial_rpc_logger: Sending request payload: [0, 5, 1, 0, 0, 0, 0, 0, 0, 0, 0, 0, 0, 0, 0, 0, 0, 0, 0, 0, 0, 0, 0, 0, 0, 0, 0, 0, 0, 0, 0, 223]
2026-10-02 10:19:11,950 [INFO] serial_rpc_logger: Received a response from a bus target
2026-10-02 10:19:11,950 [INFO] serial_rpc_logger: Response packet ID: 5
2026-10-02 10:19:11,951 [INFO] serial_rpc_logger: Response payload length: 2
2026-10-02 10:19:11,951 [INFO] serial_rpc_logger: Response payload: b'\x01\x00'
2026-10-02 10:19:11,951 [INFO] serial_rpc_logger: Response name: button_0_status
2026-10-02 10:19:11,951 [INFO] serial_rpc_logger: Setting value of button_0_status : button_0_state to 1
2026-10-02 10:19:11,951 [INFO] serial_rpc_logger: Setting value of button_0_status : button_0_press_count to 0
2026-10-02 10:19:11,951 [INFO] serial_rpc_logger: Request payload for request parameter button_1_status = [0]
2026-10-02 10:19:11,951 [INFO] serial_rpc_logger: Sending request payload: [0, 7, 1, 0, 0, 0, 0, 0, 0, 0, 0, 0, 0, 0, 0, 0, 0, 0, 0, 0, 0, 0, 0, 0, 0, 0, 0, 0, 0, 0, 0, 66]
2026-10-02 10:19:11,957 [INFO] serial_rpc_logger: Received a response from a bus target
2026-10-02 10:19:11,958 [INFO] serial_rpc_logger: Response packet ID: 7
2026-10-02 10:19:11,958 [INFO] serial_rpc_logger: Response payload length: 2
2026-10-02 10:19:11,959 [INFO] serial_rpc_logger: Response payload: b'\x01\x00'
2026-10-02 10:19:11,959 [INFO] serial_rpc_logger: Response name: button_1_status
2026-10-02 10:19:11,959 [INFO] serial_rpc_logger: Setting value of button_1_status : button_1_state to 1
2026-10-02 10:19:11,959 [INFO] serial_rpc_logger: Setting value of button_1_status : button_1_press_count to 0
2026-10-02 10:19:11,969 [INFO] serial_rpc_logger: Request payload for request parameter button_0_status = [0]
2026-10-02 10:19:11,969 [INFO] serial_rpc_logger: Sending request payload: [0, 5, 1, 0, 0, 0, 0, 0, 0, 0, 0, 0, 0, 0, 0, 0, 0, 0, 0, 0, 0, 0, 0, 0, 0, 0, 0, 0, 0, 0, 0, 223]
2026-10-02 10:19:11,976 [INFO] serial_rpc_logger: Received a response from a bus target
2026-10-02 10:19:11,977 [INFO] serial_rpc_logger: Response packet ID: 5
2026-10-02 10:19:11,977 [INFO] serial_rpc_logger: Response payload length: 2
2026-10-02 10:19:11,977 [INFO] serial_rpc_logger: Response payload: b'\x01\x00'
2026-10-02 10:19:11,977 [INFO] serial_rpc_logger: Response name: button_0_status
2026-10-02 10:19:11,977 [INFO] serial_rpc_logger: Setting value of button_0_status : button_0_state to 1
2026-10-02 10:19:11,977 [INFO] serial_rpc_logger: Setting value of button_0_status : button_0_press_count to 0
2026-10-02 10:19:11,978 [INFO] serial_rpc_logger: Request payload for request parameter button_1_status = [0]
2026-10-02 10:19:11,978 [INFO] serial_rpc_logger: Sending request payload: [0, 7, 1, 0, 0, 0, 0, 0, 0, 0, 0, 0, 0, 0, 0, 0, 0, 0, 0, 0, 0, 0, 0, 0, 0, 0, 0, 0, 0, 0, 0, 66]
2026-10-02 10:19:11,984 [INFO] serial_rpc_logger: Received a response from a bus target
2026-10-02 10:19:11,985 [INFO] serial_rpc_logger: Response packet ID: 7
2026-10-02 10:19:11,985 [INFO] serial_rpc_logger: Response payload length: 2
2026-10-02 10:19:11,985 [INFO] serial_rpc_logger: Response payload: b'\x01\x00'
2026-10-02 10:19:11,985 [INFO] serial_rpc_logger: Response name: button_1_status
2026-10-02 10:19:11,985 [INFO] serial_rpc_logger: Setting value of button_1_status : button_1_state to 1
2026-10-02 10:19:11,985 [INFO] serial_rpc_logger: Setting value of button_1_status : button_1_press_count to 0
2026-10-02 10:19:11,996 [INFO] serial_rpc_logger: Request payload for request parameter button_0_status = [0]
2026-10-02 10:19:11,996 [INFO] serial_rpc_logger: Sending request payload: [0, 5, 1, 0, 0, 0, 0, 0, 0, 0, 0, 0, 0, 0, 0, 0, 0, 0, 0, 0, 0, 0, 0, 0, 0, 0, 0, 0, 0, 0, 0, 223]
2026-10-02 10:19:12,003 [INFO] serial_rpc_logger: Received a response from a bus target
2026-10-02 10:19:12,003 [INFO] serial_rpc_logger: Response packet ID: 5
2026-10-02 10:19:12,003 [INFO] serial_rpc_logger: Response payload length: 2
2026-10-02 10:19:12,003 [INFO] serial_rpc_logger: Response payload: b'\x01\x00'
2026-10-02 10:19:12,004 [INFO] serial_rpc_logger: Response name: button_0_status
2026-10-02 10:19:12,004 [INFO] serial_rpc_logger: Setting value of button_0_status : button_0_state to 1
2026-10-02 10:19:12,004 [INFO] serial_rpc_logger: Setting value of button_0_status : button_0_press_count to 0
2026-10-02 10:19:12,004 [INFO] serial_rpc_logger: Request payload for request parameter button_1_status = [0]
2026-10-02 10:19:12,004 [INFO] serial_rpc_logger: Sending request payload: [0, 7, 1, 0, 0, 0, 0, 0, 0, 0, 0, 0, 0, 0, 0, 0, 0, 0, 0, 0, 0, 0, 0, 0, 0, 0, 0, 0, 0, 0, 0, 66]
2026-10-02 10:19:12,010 [INFO] serial_rpc_logger: Received a response from a bus target
2026-10-02 10:19:12,012 [INFO] serial_rpc_logger: Response packet ID: 7
2026-10-02 10:19:12,013 [INFO] serial_rpc_logger: Response payload length: 2
2026-10-02 10:19:12,013 [INFO] serial_rpc_logger: Response payload: b'\x01\x00'
2026-10-02 10:19:12,013 [INFO] serial_rpc_logger: Response name: button_1_status
2026-10-02 10:19:12,013 [INFO] serial_rpc_logger: Setting value of button_1_status : button_1_state to 1
2026-10-02 10:19:12,013 [INFO] serial_rpc_logger: Setting value of button_1_status : button_1_press_count to 0
2026-10-02 10:19:12,024 [INFO] serial_rpc_logger: Request payload for request parameter button_0_status = [0]
2026-10-02 10:19:12,025 [INFO] serial_rpc_logger: Sending request payload: [0, 5, 1, 0, 0, 0, 0, 0, 0, 0, 0, 0, 0, 0, 0, 0, 0, 0, 0, 0, 0, 0, 0, 0, 0, 0, 0, 0, 0, 0, 0, 223]
2026-10-02 10:19:12,031 [INFO] serial_rpc_logger: Received a response from a bus target
2026-10-02 10:19:12,032 [INFO] serial_rpc_logger: Response packet ID: 5
2026-10-02 10:19:12,032 [INFO] serial_rpc_logger: Response payload length: 2
2026-10-02 10:19:12,032 [INFO] serial_rpc_logger: Response payload: b'\x01\x00'
2026-10-02 10:19:12,033 [INFO] serial_rpc_logger: Response name: button_0_status
2026-10-02 10:19:12,033 [INFO] serial_rpc_logger: Setting value of button_0_status : button_0_state to 1
2026-10-02 10:19:12,033 [INFO] serial_rpc_logger: Setting value of button_0_status : button_0_press_count to 0
2026-10-02 10:19:12,033 [INFO] serial_rpc_logger: Request payload for request parameter button_1_status = [0]
2026-10-02 10:19:12,033 [INFO] serial_rpc_logger: Sending request payload: [0, 7, 1, 0, 0, 0, 0, 0, 0, 0, 0, 0, 0, 0, 0, 0, 0, 0, 0, 0, 0, 0, 0, 0, 0, 0, 0, 0, 0, 0, 0, 66]
2026-10-02 10:19:12,039 [INFO] serial_rpc_logger: Received a response from a bus target
2026-10-02 10:19:12,040 [INFO] serial_rpc_logger: Response packet ID: 7
2026-10-02 10:19:12,040 [INFO] serial_rpc_logger: Response payload length: 2
2026-10-02 10:19:12,040 [INFO] serial_rpc_logger: Response payload: b'\x01\x00'
2026-10-02 10:19:12,040 [INFO] serial_rpc_logger: Response name: button_1_status
2026-10-02 10:19:12,040 [INFO] serial_rpc_logger: Setting value of button_1_status : button_1_state to 1
2026-10-02 10:19:12,040 [INFO] serial_rpc_logger: Setting value of button_1_status : button_1_press_count to 0
2026-10-02 10:19:12,051 [INFO] serial_rpc_logger: Request payload for request parameter button_0_status = [0]
2026-10-02 10:19:12,051 [INFO] serial_rpc_logger: Sending request payload: [0, 5, 1, 0, 0, 0, 0, 0, 0, 0, 0, 0, 0, 0, 0, 0, 0, 0, 0, 0, 0, 0, 0, 0, 0, 0, 0, 0, 0, 0, 0, 223]
2026-10-02 10:19:12,058 [INFO] serial_rpc_logger: Received a response from a bus target
2026-10-02 10:19:12,058 [INFO] serial_rpc_logger: Response packet ID: 5
2026-10-02 10:19:12,059 [INFO] serial_rpc_logger: Response payload length: 2
2026-10-02 10:19:12,059 [INFO] serial_rpc_logger: Response payload: b'\x01\x00'
2026-10-02 10:19:12,059 [INFO] serial_rpc_logger: Response name: button_0_status
2026-10-02 10:19:12,059 [INFO] serial_rpc_logger: Setting value of button_0_status : button_0_state to 1
2026-10-02 10:19:12,059 [INFO] serial_rpc_logger: Setting value of button_0_status : button_0_press_count to 0
2026-10-02 10:19:12,059 [INFO] serial_rpc_logger: Request payload for request parameter button_1_status = [0]
2026-10-02 10:19:12,060 [INFO] serial_rpc_logger: Sending request payload: [0, 7, 1, 0, 0, 0, 0, 0, 0, 0, 0, 0, 0, 0, 0, 0, 0, 0, 0, 0, 0, 0, 0, 0, 0, 0, 0, 0, 0, 0, 0, 66]
2026-10-02 10:19:12,066 [INFO] serial_rpc_logger: Received a response from a bus target
2026-10-02 10:19:12,067 [INFO] serial_rpc_logger: Response packet ID: 7
2026-10-02 10:19:12,067 [INFO] serial_rpc_logger: Response payload length: 2
2026-10-02 10:19:12,067 [INFO] serial_rpc_logger: Response payload: b'\x01\x00'
2026-10-02 10:19:12,067 [INFO] serial_rpc_logger: Response name: button_1_status
2026-10-02 10:19:12,067 [INFO] serial_rpc_logger: Setting value of button_1_status : button_1_state to 1
2026-10-02 10:19:12,067 [INFO] serial_rpc_logger: Setting value of button_1_status : button_1_press_count to 0
2026-10-02 10:19:12,078 [INFO] serial_rpc_logger: Request payload for request parameter button_0_status = [0]
2026-10-02 10:19:12,078 [INFO] serial_rpc_logger: Sending request payload: [0, 5, 1, 0, 0, 0, 0, 0, 0, 0, 0, 0, 0, 0, 0, 0, 0, 0, 0, 0, 0, 0, 0, 0, 0, 0, 0, 0, 0, 0, 0, 223]
2026-10-02 10:19:12,084 [INFO] serial_rpc_logger: Received a response from a bus target
2026-10-02 10:19:12,085 [INFO] serial_rpc_logger: Response packet ID: 5
2026-10-02 10:19:12,085 [INFO] serial_rpc_logger: Response payload length: 2
2026-10-02 10:19:12,085 [INFO] serial_rpc_logger: Response payload: b'\x01\x00'
2026-10-02 10:19:12,085 [INFO] serial_rpc_logger: Response name: button_0_status
2026-10-02 10:19:12,085 [INFO] serial_rpc_logger: Setting value of button_0_status : button_0_state to 1
2026-10-02 10:19:12,085 [INFO] serial_rpc_logger: Setting value of button_0_status : button_0_press_count to 0
2026-10-02 10:19:12,085 [INFO] serial_rpc_logger: Request payload for request parameter button_1_status = [0]
2026-10-02 10:19:12,085 [INFO] serial_rpc_logger: Sending request payload: [0, 7, 1, 0, 0, 0, 0, 0, 0, 0, 0, 0, 0, 0, 0, 0, 0, 0, 0, 0, 0, 0, 0, 0, 0, 0, 0, 0, 0, 0, 0, 66]
2026-10-02 10:19:12,092 [INFO] serial_rpc_logger: Received a response from a bus target
2026-10-02 10:19:12,092 [INFO] serial_rpc_logger: Response packet ID: 7
2026-10-02 10:19:12,092 [INFO] serial_rpc_logger: Response payload length: 2
2026-10-02 10:19:12,092 [INFO] serial_rpc_logger: Response payload: b'\x01\x00'
2026-10-02 10:19:12,092 [INFO] serial_rpc_logger: Response name: button_1_status
2026-10-02 10:19:12,092 [INFO] serial_rpc_logger: Setting value of button_1_status : button_1_state to 1
2026-10-02 10:19:12,093 [INFO] serial_rpc_logger: Setting value of button_1_status : button_1_press_count to 0
2026-10-02 10:19:12,103 [INFO] serial_rpc_logger: Request payload for request parameter button_0_status = [0]
2026-10-02 10:19:12,103 [INFO] serial_rpc_logger: Sending request payload: [0, 5, 1, 0, 0, 0, 0, 0, 0, 0, 0, 0, 0, 0, 0, 0, 0, 0, 0, 0, 0, 0, 0, 0, 0, 0, 0, 0, 0, 0, 0, 223]
2026-10-02 10:19:12,110 [INFO] serial_rpc_logger: Received a response from a bus target
2026-10-02 10:19:12,111 [INFO] serial_rpc_logger: Response packet ID: 5
2026-10-02 10:19:12,111 [INFO] serial_rpc_logger: Response payload length: 2
2026-10-02 10:19:12,111 [INFO] serial_rpc_logger: Response payload: b'\x01\x00'
2026-10-02 10:19:12,111 [INFO] serial_rpc_logger: Response name: button_0_status
2026-10-02 10:19:12,111 [INFO] serial_rpc_logger: Setting value of button_0_status : button_0_state to 1
2026-10-02 10:19:12,111 [INFO] serial_rpc_logger: Setting value of button_0_status : button_0_press_count to 0
2026-10-02 10:19:12,112 [INFO] serial_rpc_logger: Request payload for request parameter button_1_status = [0]
2026-10-02 10:19:12,112 [INFO] serial_rpc_logger: Sending request payload: [0, 7, 1, 0, 0, 0, 0, 0, 0, 0, 0, 0, 0, 0, 0, 0, 0, 0, 0, 0, 0, 0, 0, 0, 0, 0, 0, 0, 0, 0, 0, 66]
2026-10-02 10:19:12,118 [INFO] serial_rpc_logger: Received a response from a bus target
2026-10-02 10:19:12,119 [INFO] serial_rpc_logger: Response packet ID: 7
2026-10-02 10:19:12,119 [INFO] serial_rpc_logger: Response payload length: 2
2026-10-02 10:19:12,119 [INFO] serial_rpc_logger: Response payload: b'\x01\x00'
2026-10-02 10:19:12,119 [INFO] serial_rpc_logger: Response name: button_1_status
2026-10-02 10:19:12,119 [INFO] serial_rpc_logger: Setting value of button_1_status : button_1_state to 1
2026-10-02 10:19:12,119 [INFO] serial_rpc_logger: Setting value of button_1_status : button_1_press_count to 0
2026-10-02 10:19:12,130 [INFO] serial_rpc_logger: Request payload for request parameter button_0_status = [0]
2026-10-02 10:19:12,130 [INFO] serial_rpc_logger: Sending request payload: [0, 5, 1, 0, 0, 0, 0, 0, 0, 0, 0, 0, 0, 0, 0, 0, 0, 0, 0, 0, 0, 0, 0, 0, 0, 0, 0, 0, 0, 0, 0, 223]
2026-10-02 10:19:12,137 [INFO] serial_rpc_logger: Received a response from a bus target
2026-10-02 10:19:12,137 [INFO] serial_rpc_logger: Response packet ID: 5
2026-10-02 10:19:12,137 [INFO] serial_rpc_logger: Response payload length: 2
2026-10-02 10:19:12,137 [INFO] serial_rpc_logger: Response payload: b'\x01\x00'
2026-10-02 10:19:12,137 [INFO] serial_rpc_logger: Response name: button_0_status
2026-10-02 10:19:12,137 [INFO] serial_rpc_logger: Setting value of button_0_status : button_0_state to 1
2026-10-02 10:19:12,137 [INFO] serial_rpc_logger: Setting value of button_0_status : button_0_press_count to 0
2026-10-02 10:19:12,138 [INFO] serial_rpc_logger: Request payload for request parameter button_1_status = [0]
2026-10-02 10:19:12,138 [INFO] serial_rpc_logger: Sending request payload: [0, 7, 1, 0, 0, 0, 0, 0, 0, 0, 0, 0, 0, 0, 0, 0, 0, 0, 0, 0, 0, 0, 0, 0, 0, 0, 0, 0, 0, 0, 0, 66]
2026-10-02 10:19:12,144 [INFO] serial_rpc_logger: Received a response from a bus target
2026-10-02 10:19:12,145 [INFO] serial_rpc_logger: Response packet ID: 7
2026-10-02 10:19:12,146 [INFO] serial_rpc_logger: Response payload length: 2
2026-10-02 10:19:12,146 [INFO] serial_rpc_logger: Response payload: b'\x01\x00'
2026-10-02 10:19:12,146 [INFO] serial_rpc_logger: Response name: button_1_status
2026-10-02 10:19:12,147 [INFO] serial_rpc_logger: Setting value of button_1_status : button_1_state to 1
2026-10-02 10:19:12,147 [INFO] serial_rpc_logger: Setting value of button_1_status : button_1_press_count to 0
2026-10-02 10:19:12,157 [INFO] serial_rpc_logger: Request payload for request parameter button_0_status = [0]
2026-10-02 10:19:12,158 [INFO] serial_rpc_logger: Sending request payload: [0, 5, 1, 0, 0, 0, 0, 0, 0, 0, 0, 0, 0, 0, 0, 0, 0, 0, 0, 0, 0, 0, 0, 0, 0, 0, 0, 0, 0, 0, 0, 223]
2026-10-02 10:19:12,165 [INFO] serial_rpc_logger: Received a response from a bus target
2026-10-02 10:19:12,165 [INFO] serial_rpc_logger: Response packet ID: 5
2026-10-02 10:19:12,165 [INFO] serial_rpc_logger: Response payload length: 2
2026-10-02 10:19:12,165 [INFO] serial_rpc_logger: Response payload: b'\x01\x00'
2026-10-02 10:19:12,165 [INFO] serial_rpc_logger: Response name: button_0_status
2026-10-02 10:19:12,166 [INFO] serial_rpc_logger: Setting value of button_0_status : button_0_state to 1
2026-10-02 10:19:12,166 [INFO] serial_rpc_logger: Setting value of button_0_status : button_0_press_count to 0
2026-10-02 10:19:12,166 [INFO] serial_rpc_logger: Request payload for request parameter button_1_status = [0]
2026-10-02 10:19:12,166 [INFO] serial_rpc_logger: Sending request payload: [0, 7, 1, 0, 0, 0, 0, 0, 0, 0, 0, 0, 0, 0, 0, 0, 0, 0, 0, 0, 0, 0, 0, 0, 0, 0, 0, 0, 0, 0, 0, 66]
2026-10-02 10:19:12,172 [INFO] serial_rpc_logger: Received a response from a bus target
2026-10-02 10:19:12,173 [INFO] serial_rpc_logger: Response packet ID: 7
2026-10-02 10:19:12,173 [INFO] serial_rpc_logger: Response payload length: 2
2026-10-02 10:19:12,173 [INFO] serial_rpc_logger: Response payload: b'\x01\x00'
2026-10-02 10:19:12,173 [INFO] serial_rpc_logger: Response name: button_1_status
2026-10-02 10:19:12,173 [INFO] serial_rpc_logger: Setting value of button_1_status : button_1_state to 1
2026-10-02 10:19:12,173 [INFO] serial_rpc_logger: Setting value of button_1_status : button_1_press_count to 0
2026-10-02 10:19:12,184 [INFO] serial_rpc_logger: Request payload for request parameter button_0_status = [0]
2026-10-02 10:19:12,184 [INFO] serial_rpc_logger: Sending request payload: [0, 5, 1, 0, 0, 0, 0, 0, 0, 0, 0, 0, 0, 0, 0, 0, 0, 0, 0, 0, 0, 0, 0, 0, 0, 0, 0, 0, 0, 0, 0, 223]
2026-10-02 10:19:12,190 [INFO] serial_rpc_logger: Received a response from a bus target
2026-10-02 10:19:12,191 [INFO] serial_rpc_logger: Response packet ID: 5
2026-10-02 10:19:12,191 [INFO] serial_rpc_logger: Response payload length: 2
2026-10-02 10:19:12,191 [INFO] serial_rpc_logger: Response payload: b'\x01\x00'
2026-10-02 10:19:12,191 [INFO] serial_rpc_logger: Response name: button_0_status
2026-10-02 10:19:12,191 [INFO] serial_rpc_logger: Setting value of button_0_status : button_0_state to 1
2026-10-02 10:19:12,191 [INFO] serial_rpc_logger: Setting value of button_0_status : button_0_press_count to 0
2026-10-02 10:19:12,191 [INFO] serial_rpc_logger: Request payload for request parameter button_1_status = [0]
2026-10-02 10:19:12,191 [INFO] serial_rpc_logger: Sending request payload: [0, 7, 1, 0, 0, 0, 0, 0, 0, 0, 0, 0, 0, 0, 0, 0, 0, 0, 0, 0, 0, 0, 0, 0, 0, 0, 0, 0, 0, 0, 0, 66]
2026-10-02 10:19:12,197 [INFO] serial_rpc_logger: Received a response from a bus target
2026-10-02 10:19:12,198 [INFO] serial_rpc_logger: Response packet ID: 7
2026-10-02 10:19:12,198 [INFO] serial_rpc_logger: Response payload length: 2
2026-10-02 10:19:12,198 [INFO] serial_rpc_logger: Response payload: b'\x01\x00'
2026-10-02 10:19:12,198 [INFO] serial_rpc_logger: Response name: button_1_status
2026-10-02 10:19:12,198 [INFO] serial_rpc_logger: Setting value of button_1_status : button_1_state to 1
2026-10-02 10:19:12,198 [INFO] serial_rpc_logger: Setting value of button_1_status : button_1_press_count to 0
2026-10-02 10:19:12,209 [INFO] serial_rpc_logger: Request payload for request parameter button_0_status = [0]
2026-10-02 10:19:12,210 [INFO] serial_rpc_logger: Sending request payload: [0, 5, 1, 0, 0, 0, 0, 0, 0, 0, 0, 0, 0, 0, 0, 0, 0, 0, 0, 0, 0, 0, 0, 0, 0, 0, 0, 0, 0, 0, 0, 223]
2026-10-02 10:19:12,216 [INFO] serial_rpc_logger: Received a response from a bus target
2026-10-02 10:19:12,217 [INFO] serial_rpc_logger: Response packet ID: 5
2026-10-02 10:19:12,217 [INFO] serial_rpc_logger: Response payload length: 2
2026-10-02 10:19:12,218 [INFO] serial_rpc_logger: Response payload: b'\x01\x00'
2026-10-02 10:19:12,218 [INFO] serial_rpc_logger: Response name: button_0_status
2026-10-02 10:19:12,218 [INFO] serial_rpc_logger: Setting value of button_0_status : button_0_state to 1
2026-10-02 10:19:12,218 [INFO] serial_rpc_logger: Setting value of button_0_status : button_0_press_count to 0
2026-10-02 10:19:12,218 [INFO] serial_rpc_logger: Request payload for request parameter button_1_status = [0]
2026-10-02 10:19:12,218 [INFO] serial_rpc_logger: Sending request payload: [0, 7, 1, 0, 0, 0, 0, 0, 0, 0, 0, 0, 0, 0, 0, 0, 0, 0, 0, 0, 0, 0, 0, 0, 0, 0, 0, 0, 0, 0, 0, 66]
2026-10-02 10:19:12,224 [INFO] serial_rpc_logger: Received a response from a bus target
2026-10-02 10:19:12,224 [INFO] serial_rpc_logger: Response packet ID: 7
2026-10-02 10:19:12,225 [INFO] serial_rpc_logger: Response payload length: 2
2026-10-02 10:19:12,225 [INFO] serial_rpc_logger: Response payload: b'\x01\x00'
2026-10-02 10:19:12,225 [INFO] serial_rpc_logger: Response name: button_1_status
2026-10-02 10:19:12,225 [INFO] serial_rpc_logger: Setting value of button_1_status : button_1_state to 1
2026-10-02 10:19:12,225 [INFO] serial_rpc_logger: Setting value of button_1_status : button_1_press_count to 0
2026-10-02 10:19:12,235 [INFO] serial_rpc_logger: Request payload for request parameter button_0_status = [0]
2026-10-02 10:19:12,236 [INFO] serial_rpc_logger: Sending request payload: [0, 5, 1, 0, 0, 0, 0, 0, 0, 0, 0, 0, 0, 0, 0, 0, 0, 0, 0, 0, 0, 0, 0, 0, 0, 0, 0, 0, 0, 0, 0, 223]
2026-10-02 10:19:12,242 [INFO] serial_rpc_logger: Received a response from a bus target
2026-10-02 10:19:12,242 [INFO] serial_rpc_logger: Response packet ID: 5
2026-10-02 10:19:12,243 [INFO] serial_rpc_logger: Response payload length: 2
2026-10-02 10:19:12,243 [INFO] serial_rpc_logger: Response payload: b'\x01\x00'
2026-10-02 10:19:12,243 [INFO] serial_rpc_logger: Response name: button_0_status
2026-10-02 10:19:12,243 [INFO] serial_rpc_logger: Setting value of button_0_status : button_0_state to 1
2026-10-02 10:19:12,243 [INFO] serial_rpc_logger: Setting value of button_0_status : button_0_press_count to 0
2026-10-02 10:19:12,243 [INFO] serial_rpc_logger: Request payload for request parameter button_1_status = [0]
2026-10-02 10:19:12,244 [INFO] serial_rpc_logger: Sending request payload: [0, 7, 1, 0, 0, 0, 0, 0, 0, 0, 0, 0, 0, 0, 0, 0, 0, 0, 0, 0, 0, 0, 0, 0, 0, 0, 0, 0, 0, 0, 0, 66]
2026-10-02 10:19:12,250 [INFO] serial_rpc_logger: Received a response from a bus target
2026-10-02 10:19:12,250 [INFO] serial_rpc_logger: Response packet ID: 7
2026-10-02 10:19:12,250 [INFO] serial_rpc_logger: Response payload length: 2
2026-10-02 10:19:12,251 [INFO] serial_rpc_logger: Response payload: b'\x01\x00'
2026-10-02 10:19:12,251 [INFO] serial_rpc_logger: Response name: button_1_status
2026-10-02 10:19:12,251 [INFO] serial_rpc_logger: Setting value of button_1_status : button_1_state to 1
2026-10-02 10:19:12,251 [INFO] serial_rpc_logger: Setting value of button_1_status : button_1_press_count to 0
2026-10-02 10:19:12,262 [INFO] serial_rpc_logger: Request payload for request parameter button_0_status = [0]
2026-10-02 10:19:12,263 [INFO] serial_rpc_logger: Sending request payload: [0, 5, 1, 0, 0, 0, 0, 0, 0, 0, 0, 0, 0, 0, 0, 0, 0, 0, 0, 0, 0, 0, 0, 0, 0, 0, 0, 0, 0, 0, 0, 223]
2026-10-02 10:19:12,269 [INFO] serial_rpc_logger: Received a response from a bus target
2026-10-02 10:19:12,270 [INFO] serial_rpc_logger: Response packet ID: 5
2026-10-02 10:19:12,270 [INFO] serial_rpc_logger: Response payload length: 2
2026-10-02 10:19:12,270 [INFO] serial_rpc_logger: Response payload: b'\x01\x00'
2026-10-02 10:19:12,270 [INFO] serial_rpc_logger: Response name: button_0_status
2026-10-02 10:19:12,270 [INFO] serial_rpc_logger: Setting value of button_0_status : button_0_state to 1
2026-10-02 10:19:12,270 [INFO] serial_rpc_logger: Setting value of button_0_status : button_0_press_count to 0
2026-10-02 10:19:12,270 [INFO] serial_rpc_logger: Request payload for request parameter button_1_status = [0]
2026-10-02 10:19:12,270 [INFO] serial_rpc_logger: Sending request payload: [0, 7, 1, 0, 0, 0, 0, 0, 0, 0, 0, 0, 0, 0, 0, 0, 0, 0, 0, 0, 0, 0, 0, 0, 0, 0, 0, 0, 0, 0, 0, 66]
2026-10-02 10:19:12,277 [INFO] serial_rpc_logger: Received a response from a bus target
2026-10-02 10:19:12,277 [INFO] serial_rpc_logger: Response packet ID: 7
2026-10-02 10:19:12,277 [INFO] serial_rpc_logger: Response payload length: 2
2026-10-02 10:19:12,277 [INFO] serial_rpc_logger: Response payload: b'\x01\x00'
2026-10-02 10:19:12,277 [INFO] serial_rpc_logger: Response name: button_1_status
2026-10-02 10:19:12,277 [INFO] serial_rpc_logger: Setting value of button_1_status : button_1_state to 1
2026-10-02 10:19:12,277 [INFO] serial_rpc_logger: Setting value of button_1_status : button_1_press_count to 0
2026-10-02 10:19:12,288 [INFO] serial_rpc_logger: Request payload for request parameter button_0_status = [0]
2026-10-02 10:19:12,289 [INFO] serial_rpc_logger: Sending request payload: [0, 5, 1, 0, 0, 0, 0, 0, 0, 0, 0, 0, 0, 0, 0, 0, 0, 0, 0, 0, 0, 0, 0, 0, 0, 0, 0, 0, 0, 0, 0, 223]
2026-10-02 10:19:12,296 [INFO] serial_rpc_logger: Received a response from a bus target
2026-10-02 10:19:12,296 [INFO] serial_rpc_logger: Response packet ID: 5
2026-10-02 10:19:12,296 [INFO] serial_rpc_logger: Response payload length: 2
2026-10-02 10:19:12,296 [INFO] serial_rpc_logger: Response payload: b'\x01\x00'
2026-10-02 10:19:12,296 [INFO] serial_rpc_logger: Response name: button_0_status
2026-10-02 10:19:12,296 [INFO] serial_rpc_logger: Setting value of button_0_status : button_0_state to 1
2026-10-02 10:19:12,296 [INFO] serial_rpc_logger: Setting value of button_0_status : button_0_press_count to 0
2026-10-02 10:19:12,296 [INFO] serial_rpc_logger: Request payload for request parameter button_1_status = [0]
2026-10-02 10:19:12,297 [INFO] serial_rpc_logger: Sending request payload: [0, 7, 1, 0, 0, 0, 0, 0, 0, 0, 0, 0, 0, 0, 0, 0, 0, 0, 0, 0, 0, 0, 0, 0, 0, 0, 0, 0, 0, 0, 0, 66]
2026-10-02 10:19:12,303 [INFO] serial_rpc_logger: Received a response from a bus target
2026-10-02 10:19:12,303 [INFO] serial_rpc_logger: Response packet ID: 7
2026-10-02 10:19:12,303 [INFO] serial_rpc_logger: Response payload length: 2
2026-10-02 10:19:12,303 [INFO] serial_rpc_logger: Response payload: b'\x01\x00'
2026-10-02 10:19:12,303 [INFO] serial_rpc_logger: Response name: button_1_status
2026-10-02 10:19:12,303 [INFO] serial_rpc_logger: Setting value of button_1_status : button_1_state to 1
2026-10-02 10:19:12,304 [INFO] serial_rpc_logger: Setting value of button_1_status : button_1_press_count to 0
2026-10-02 10:19:12,314 [INFO] serial_rpc_logger: Request payload for request parameter button_0_status = [0]
2026-10-02 10:19:12,315 [INFO] serial_rpc_logger: Sending request payload: [0, 5, 1, 0, 0, 0, 0, 0, 0, 0, 0, 0, 0, 0, 0, 0, 0, 0, 0, 0, 0, 0, 0, 0, 0, 0, 0, 0, 0, 0, 0, 223]
2026-10-02 10:19:12,321 [INFO] serial_rpc_logger: Received a response from a bus target
2026-10-02 10:19:12,322 [INFO] serial_rpc_logger: Response packet ID: 5
2026-10-02 10:19:12,322 [INFO] serial_rpc_logger: Response payload length: 2
2026-10-02 10:19:12,322 [INFO] serial_rpc_logger: Response payload: b'\x01\x00'
2026-10-02 10:19:12,322 [INFO] serial_rpc_logger: Response name: button_0_status
2026-10-02 10:19:12,322 [INFO] serial_rpc_logger: Setting value of button_0_status : button_0_state to 1
2026-10-02 10:19:12,322 [INFO] serial_rpc_logger: Setting value of button_0_status : button_0_press_count to 0
2026-10-02 10:19:12,322 [INFO] serial_rpc_logger: Request payload for request parameter button_1_status = [0]
2026-10-02 10:19:12,322 [INFO] serial_rpc_logger: Sending request payload: [0, 7, 1, 0, 0, 0, 0, 0, 0, 0, 0, 0, 0, 0, 0, 0, 0, 0, 0, 0, 0, 0, 0, 0, 0, 0, 0, 0, 0, 0, 0, 66]
2026-10-02 10:19:12,329 [INFO] serial_rpc_logger: Received a response from a bus target
2026-10-02 10:19:12,329 [INFO] serial_rpc_logger: Response packet ID: 7
2026-10-02 10:19:12,329 [INFO] serial_rpc_logger: Response payload length: 2
2026-10-02 10:19:12,329 [INFO] serial_rpc_logger: Response payload: b'\x01\x00'
2026-10-02 10:19:12,329 [INFO] serial_rpc_logger: Response name: button_1_status
2026-10-02 10:19:12,329 [INFO] serial_rpc_logger: Setting value of button_1_status : button_1_state to 1
2026-10-02 10:19:12,330 [INFO] serial_rpc_logger: Setting value of button_1_status : button_1_press_count to 0
2026-10-02 10:19:12,340 [INFO] serial_rpc_logger: Request payload for request parameter button_0_status = [0]
2026-10-02 10:19:12,340 [INFO] serial_rpc_logger: Sending request payload: [0, 5, 1, 0, 0, 0, 0, 0, 0, 0, 0, 0, 0, 0, 0, 0, 0, 0, 0, 0, 0, 0, 0, 0, 0, 0, 0, 0, 0, 0, 0, 223]
2026-10-02 10:19:12,347 [INFO] serial_rpc_logger: Received a response from a bus target
2026-10-02 10:19:12,348 [INFO] serial_rpc_logger: Response packet ID: 5
2026-10-02 10:19:12,348 [INFO] serial_rpc_logger: Response payload length: 2
2026-10-02 10:19:12,348 [INFO] serial_rpc_logger: Response payload: b'\x01\x00'
2026-10-02 10:19:12,348 [INFO] serial_rpc_logger: Response name: button_0_status
2026-10-02 10:19:12,349 [INFO] serial_rpc_logger: Setting value of button_0_status : button_0_state to 1
2026-10-02 10:19:12,349 [INFO] serial_rpc_logger: Setting value of button_0_status : button_0_press_count to 0
2026-10-02 10:19:12,349 [INFO] serial_rpc_logger: Request payload for request parameter button_1_status = [0]
2026-10-02 10:19:12,349 [INFO] serial_rpc_logger: Sending request payload: [0, 7, 1, 0, 0, 0, 0, 0, 0, 0, 0, 0, 0, 0, 0, 0, 0, 0, 0, 0, 0, 0, 0, 0, 0, 0, 0, 0, 0, 0, 0, 66]
2026-10-02 10:19:12,355 [INFO] serial_rpc_logger: Received a response from a bus target
2026-10-02 10:19:12,355 [INFO] serial_rpc_logger: Response packet ID: 7
2026-10-02 10:19:12,356 [INFO] serial_rpc_logger: Response payload length: 2
2026-10-02 10:19:12,356 [INFO] serial_rpc_logger: Response payload: b'\x01\x00'
2026-10-02 10:19:12,356 [INFO] serial_rpc_logger: Response name: button_1_status
2026-10-02 10:19:12,356 [INFO] serial_rpc_logger: Setting value of button_1_status : button_1_state to 1
2026-10-02 10:19:12,356 [INFO] serial_rpc_logger: Setting value of button_1_status : button_1_press_count to 0
2026-10-02 10:19:12,367 [INFO] serial_rpc_logger: Request payload for request parameter button_0_status = [0]
2026-10-02 10:19:12,367 [INFO] serial_rpc_logger: Sending request payload: [0, 5, 1, 0, 0, 0, 0, 0, 0, 0, 0, 0, 0, 0, 0, 0, 0, 0, 0, 0, 0, 0, 0, 0, 0, 0, 0, 0, 0, 0, 0, 223]
2026-10-02 10:19:12,373 [INFO] serial_rpc_logger: Received a response from a bus target
2026-10-02 10:19:12,374 [INFO] serial_rpc_logger: Response packet ID: 5
2026-10-02 10:19:12,374 [INFO] serial_rpc_logger: Response payload length: 2
2026-10-02 10:19:12,374 [INFO] serial_rpc_logger: Response payload: b'\x01\x00'
2026-10-02 10:19:12,374 [INFO] serial_rpc_logger: Response name: button_0_status
2026-10-02 10:19:12,374 [INFO] serial_rpc_logger: Setting value of button_0_status : button_0_state to 1
2026-10-02 10:19:12,374 [INFO] serial_rpc_logger: Setting value of button_0_status : button_0_press_count to 0
2026-10-02 10:19:12,374 [INFO] serial_rpc_logger: Request payload for request parameter button_1_status = [0]
2026-10-02 10:19:12,374 [INFO] serial_rpc_logger: Sending request payload: [0, 7, 1, 0, 0, 0, 0, 0, 0, 0, 0, 0, 0, 0, 0, 0, 0, 0, 0, 0, 0, 0, 0, 0, 0, 0, 0, 0, 0, 0, 0, 66]
2026-10-02 10:19:12,380 [INFO] serial_rpc_logger: Received a response from a bus target
2026-10-02 10:19:12,381 [INFO] serial_rpc_logger: Response packet ID: 7
2026-10-02 10:19:12,381 [INFO] serial_rpc_logger: Response payload length: 2
2026-10-02 10:19:12,381 [INFO] serial_rpc_logger: Response payload: b'\x01\x00'
2026-10-02 10:19:12,381 [INFO] serial_rpc_logger: Response name: button_1_status
2026-10-02 10:19:12,381 [INFO] serial_rpc_logger: Setting value of button_1_status : button_1_state to 1
2026-10-02 10:19:12,381 [INFO] serial_rpc_logger: Setting value of button_1_status : button_1_press_count to 0
2026-10-02 10:19:12,392 [INFO] serial_rpc_logger: Request payload for request parameter button_0_status = [0]
2026-10-02 10:19:12,392 [INFO] serial_rpc_logger: Sending request payload: [0, 5, 1, 0, 0, 0, 0, 0, 0, 0, 0, 0, 0, 0, 0, 0, 0, 0, 0, 0, 0, 0, 0, 0, 0, 0, 0, 0, 0, 0, 0, 223]
2026-10-02 10:19:12,398 [INFO] serial_rpc_logger: Received a response from a bus target
2026-10-02 10:19:12,399 [INFO] serial_rpc_logger: Response packet ID: 5
2026-10-02 10:19:12,399 [INFO] serial_rpc_logger: Response payload length: 2
2026-10-02 10:19:12,399 [INFO] serial_rpc_logger: Response payload: b'\x01\x00'
2026-10-02 10:19:12,399 [INFO] serial_rpc_logger: Response name: button_0_status
2026-10-02 10:19:12,399 [INFO] serial_rpc_logger: Setting value of button_0_status : button_0_state to 1
2026-10-02 10:19:12,399 [INFO] serial_rpc_logger: Setting value of button_0_status : button_0_press_count to 0
2026-10-02 10:19:12,399 [INFO] serial_rpc_logger: Request payload for request parameter button_1_status = [0]
2026-10-02 10:19:12,399 [INFO] serial_rpc_logger: Sending request payload: [0, 7, 1, 0, 0, 0, 0, 0, 0, 0, 0, 0, 0, 0, 0, 0, 0, 0, 0, 0, 0, 0, 0, 0, 0, 0, 0, 0, 0, 0, 0, 66]
2026-10-02 10:19:12,406 [INFO] serial_rpc_logger: Received a response from a bus target
2026-10-02 10:19:12,406 [INFO] serial_rpc_logger: Response packet ID: 7
2026-10-02 10:19:12,406 [INFO] serial_rpc_logger: Response payload length: 2
2026-10-02 10:19:12,406 [INFO] serial_rpc_logger: Response payload: b'\x01\x00'
2026-10-02 10:19:12,406 [INFO] serial_rpc_logger: Response name: button_1_status
2026-10-02 10:19:12,406 [INFO] serial_rpc_logger: Setting value of button_1_status : button_1_state to 1
2026-10-02 10:19:12,406 [INFO] serial_rpc_logger: Setting value of button_1_status : button_1_press_count to 0
2026-10-02 10:19:12,417 [INFO] serial_rpc_logger: Request payload for request parameter button_0_status = [0]
2026-10-02 10:19:12,417 [INFO] serial_rpc_logger: Sending request payload: [0, 5, 1, 0, 0, 0, 0, 0, 0, 0, 0, 0, 0, 0, 0, 0, 0, 0, 0, 0, 0, 0, 0, 0, 0, 0, 0, 0, 0, 0, 0, 223]
2026-10-02 10:19:12,424 [INFO] serial_rpc_logger: Received a response from a bus target
2026-10-02 10:19:12,424 [INFO] serial_rpc_logger: Response packet ID: 5
2026-10-02 10:19:12,424 [INFO] serial_rpc_logger: Response payload length: 2
2026-10-02 10:19:12,424 [INFO] serial_rpc_logger: Response payload: b'\x01\x00'
2026-10-02 10:19:12,424 [INFO] serial_rpc_logger: Response name: button_0_status
2026-10-02 10:19:12,424 [INFO] serial_rpc_logger: Setting value of button_0_status : button_0_state to 1
2026-10-02 10:19:12,424 [INFO] serial_rpc_logger: Setting value of button_0_status : button_0_press_count to 0
2026-10-02 10:19:12,425 [INFO] serial_rpc_logger: Request payload for request parameter button_1_status = [0]
2026-10-02 10:19:12,425 [INFO] serial_rpc_logger: Sending request payload: [0, 7, 1, 0, 0, 0, 0, 0, 0, 0, 0, 0, 0, 0, 0, 0, 0, 0, 0, 0, 0, 0, 0, 0, 0, 0, 0, 0, 0, 0, 0, 66]
2026-10-02 10:19:12,431 [INFO] serial_rpc_logger: Received a response from a bus target
2026-10-02 10:19:12,432 [INFO] serial_rpc_logger: Response packet ID: 7
2026-10-02 10:19:12,432 [INFO] serial_rpc_logger: Response payload length: 2
2026-10-02 10:19:12,432 [INFO] serial_rpc_logger: Response payload: b'\x01\x00'
2026-10-02 10:19:12,432 [INFO] serial_rpc_logger: Response name: button_1_status
2026-10-02 10:19:12,432 [INFO] serial_rpc_logger: Setting value of button_1_status : button_1_state to 1
2026-10-02 10:19:12,433 [INFO] serial_rpc_logger: Setting value of button_1_status : button_1_press_count to 0
2026-10-02 10:19:12,443 [INFO] serial_rpc_logger: Request payload for request parameter button_0_status = [0]
2026-10-02 10:19:12,444 [INFO] serial_rpc_logger: Sending request payload: [0, 5, 1, 0, 0, 0, 0, 0, 0, 0, 0, 0, 0, 0, 0, 0, 0, 0, 0, 0, 0, 0, 0, 0, 0, 0, 0, 0, 0, 0, 0, 223]
2026-10-02 10:19:12,452 [INFO] serial_rpc_logger: Received a response from a bus target
2026-10-02 10:19:12,452 [INFO] serial_rpc_logger: Response packet ID: 5
2026-10-02 10:19:12,453 [INFO] serial_rpc_logger: Response payload length: 2
2026-10-02 10:19:12,453 [INFO] serial_rpc_logger: Response payload: b'\x01\x00'
2026-10-02 10:19:12,453 [INFO] serial_rpc_logger: Response name: button_0_status
2026-10-02 10:19:12,453 [INFO] serial_rpc_logger: Setting value of button_0_status : button_0_state to 1
2026-10-02 10:19:12,453 [INFO] serial_rpc_logger: Setting value of button_0_status : button_0_press_count to 0
2026-10-02 10:19:12,453 [INFO] serial_rpc_logger: Request payload for request parameter button_1_status = [0]
2026-10-02 10:19:12,453 [INFO] serial_rpc_logger: Sending request payload: [0, 7, 1, 0, 0, 0, 0, 0, 0, 0, 0, 0, 0, 0, 0, 0, 0, 0, 0, 0, 0, 0, 0, 0, 0, 0, 0, 0, 0, 0, 0, 66]
2026-10-02 10:19:12,460 [INFO] serial_rpc_logger: Received a response from a bus target
2026-10-02 10:19:12,460 [INFO] serial_rpc_logger: Response packet ID: 7
2026-10-02 10:19:12,460 [INFO] serial_rpc_logger: Response payload length: 2
2026-10-02 10:19:12,461 [INFO] serial_rpc_logger: Response payload: b'\x01\x00'
2026-10-02 10:19:12,461 [INFO] serial_rpc_logger: Response name: button_1_status
2026-10-02 10:19:12,461 [INFO] serial_rpc_logger: Setting value of button_1_status : button_1_state to 1
2026-10-02 10:19:12,461 [INFO] serial_rpc_logger: Setting value of button_1_status : button_1_press_count to 0
2026-10-02 10:19:12,472 [INFO] serial_rpc_logger: Request payload for request parameter button_0_status = [0]
2026-10-02 10:19:12,472 [INFO] serial_rpc_logger: Sending request payload: [0, 5, 1, 0, 0, 0, 0, 0, 0, 0, 0, 0, 0, 0, 0, 0, 0, 0, 0, 0, 0, 0, 0, 0, 0, 0, 0, 0, 0, 0, 0, 223]
2026-10-02 10:19:12,478 [INFO] serial_rpc_logger: Received a response from a bus target
2026-10-02 10:19:12,479 [INFO] serial_rpc_logger: Response packet ID: 5
2026-10-02 10:19:12,479 [INFO] serial_rpc_logger: Response payload length: 2
2026-10-02 10:19:12,480 [INFO] serial_rpc_logger: Response payload: b'\x01\x00'
2026-10-02 10:19:12,480 [INFO] serial_rpc_logger: Response name: button_0_status
2026-10-02 10:19:12,480 [INFO] serial_rpc_logger: Setting value of button_0_status : button_0_state to 1
2026-10-02 10:19:12,481 [INFO] serial_rpc_logger: Setting value of button_0_status : button_0_press_count to 0
2026-10-02 10:19:12,481 [INFO] serial_rpc_logger: Request payload for request parameter button_1_status = [0]
2026-10-02 10:19:12,481 [INFO] serial_rpc_logger: Sending request payload: [0, 7, 1, 0, 0, 0, 0, 0, 0, 0, 0, 0, 0, 0, 0, 0, 0, 0, 0, 0, 0, 0, 0, 0, 0, 0, 0, 0, 0, 0, 0, 66]
2026-10-02 10:19:12,488 [INFO] serial_rpc_logger: Received a response from a bus target
2026-10-02 10:19:12,488 [INFO] serial_rpc_logger: Response packet ID: 7
2026-10-02 10:19:12,488 [INFO] serial_rpc_logger: Response payload length: 2
2026-10-02 10:19:12,488 [INFO] serial_rpc_logger: Response payload: b'\x01\x00'
2026-10-02 10:19:12,489 [INFO] serial_rpc_logger: Response name: button_1_status
2026-10-02 10:19:12,489 [INFO] serial_rpc_logger: Setting value of button_1_status : button_1_state to 1
2026-10-02 10:19:12,489 [INFO] serial_rpc_logger: Setting value of button_1_status : button_1_press_count to 0
2026-10-02 10:19:12,500 [INFO] serial_rpc_logger: Request payload for request parameter button_0_status = [0]
2026-10-02 10:19:12,500 [INFO] serial_rpc_logger: Sending request payload: [0, 5, 1, 0, 0, 0, 0, 0, 0, 0, 0, 0, 0, 0, 0, 0, 0, 0, 0, 0, 0, 0, 0, 0, 0, 0, 0, 0, 0, 0, 0, 223]
2026-10-02 10:19:12,506 [INFO] serial_rpc_logger: Received a response from a bus target
2026-10-02 10:19:12,507 [INFO] serial_rpc_logger: Response packet ID: 5
2026-10-02 10:19:12,507 [INFO] serial_rpc_logger: Response payload length: 2
2026-10-02 10:19:12,507 [INFO] serial_rpc_logger: Response payload: b'\x01\x00'
2026-10-02 10:19:12,507 [INFO] serial_rpc_logger: Response name: button_0_status
2026-10-02 10:19:12,507 [INFO] serial_rpc_logger: Setting value of button_0_status : button_0_state to 1
2026-10-02 10:19:12,507 [INFO] serial_rpc_logger: Setting value of button_0_status : button_0_press_count to 0
2026-10-02 10:19:12,507 [INFO] serial_rpc_logger: Request payload for request parameter button_1_status = [0]
2026-10-02 10:19:12,507 [INFO] serial_rpc_logger: Sending request payload: [0, 7, 1, 0, 0, 0, 0, 0, 0, 0, 0, 0, 0, 0, 0, 0, 0, 0, 0, 0, 0, 0, 0, 0, 0, 0, 0, 0, 0, 0, 0, 66]
2026-10-02 10:19:12,514 [INFO] serial_rpc_logger: Received a response from a bus target
2026-10-02 10:19:12,514 [INFO] serial_rpc_logger: Response packet ID: 7
2026-10-02 10:19:12,514 [INFO] serial_rpc_logger: Response payload length: 2
2026-10-02 10:19:12,514 [INFO] serial_rpc_logger: Response payload: b'\x01\x00'
2026-10-02 10:19:12,514 [INFO] serial_rpc_logger: Response name: button_1_status
2026-10-02 10:19:12,515 [INFO] serial_rpc_logger: Setting value of button_1_status : button_1_state to 1
2026-10-02 10:19:12,515 [INFO] serial_rpc_logger: Setting value of button_1_status : button_1_press_count to 0
2026-10-02 10:19:12,525 [INFO] serial_rpc_logger: Request payload for request parameter button_0_status = [0]
2026-10-02 10:19:12,525 [INFO] serial_rpc_logger: Sending request payload: [0, 5, 1, 0, 0, 0, 0, 0, 0, 0, 0, 0, 0, 0, 0, 0, 0, 0, 0, 0, 0, 0, 0, 0, 0, 0, 0, 0, 0, 0, 0, 223]
2026-10-02 10:19:12,532 [INFO] serial_rpc_logger: Received a response from a bus target
2026-10-02 10:19:12,532 [INFO] serial_rpc_logger: Response packet ID: 5
2026-10-02 10:19:12,532 [INFO] serial_rpc_logger: Response payload length: 2
2026-10-02 10:19:12,532 [INFO] serial_rpc_logger: Response payload: b'\x01\x00'
2026-10-02 10:19:12,532 [INFO] serial_rpc_logger: Response name: button_0_status
2026-10-02 10:19:12,532 [INFO] serial_rpc_logger: Setting value of button_0_status : button_0_state to 1
2026-10-02 10:19:12,532 [INFO] serial_rpc_logger: Setting value of button_0_status : button_0_press_count to 0
2026-10-02 10:19:12,532 [INFO] serial_rpc_logger: Request payload for request parameter button_1_status = [0]
2026-10-02 10:19:12,532 [INFO] serial_rpc_logger: Sending request payload: [0, 7, 1, 0, 0, 0, 0, 0, 0, 0, 0, 0, 0, 0, 0, 0, 0, 0, 0, 0, 0, 0, 0, 0, 0, 0, 0, 0, 0, 0, 0, 66]
2026-10-02 10:19:12,539 [INFO] serial_rpc_logger: Received a response from a bus target
2026-10-02 10:19:12,539 [INFO] serial_rpc_logger: Response packet ID: 7
2026-10-02 10:19:12,539 [INFO] serial_rpc_logger: Response payload length: 2
2026-10-02 10:19:12,539 [INFO] serial_rpc_logger: Response payload: b'\x01\x00'
2026-10-02 10:19:12,539 [INFO] serial_rpc_logger: Response name: button_1_status
2026-10-02 10:19:12,539 [INFO] serial_rpc_logger: Setting value of button_1_status : button_1_state to 1
2026-10-02 10:19:12,540 [INFO] serial_rpc_logger: Setting value of button_1_status : button_1_press_count to 0
2026-10-02 10:19:12,551 [INFO] serial_rpc_logger: Request payload for request parameter button_0_status = [0]
2026-10-02 10:19:12,551 [INFO] serial_rpc_logger: Sending request payload: [0, 5, 1, 0, 0, 0, 0, 0, 0, 0, 0, 0, 0, 0, 0, 0, 0, 0, 0, 0, 0, 0, 0, 0, 0, 0, 0, 0, 0, 0, 0, 223]
2026-10-02 10:19:12,557 [INFO] serial_rpc_logger: Received a response from a bus target
2026-10-02 10:19:12,557 [INFO] serial_rpc_logger: Response packet ID: 5
2026-10-02 10:19:12,558 [INFO] serial_rpc_logger: Response payload length: 2
2026-10-02 10:19:12,558 [INFO] serial_rpc_logger: Response payload: b'\x01\x00'
2026-10-02 10:19:12,558 [INFO] serial_rpc_logger: Response name: button_0_status
2026-10-02 10:19:12,558 [INFO] serial_rpc_logger: Setting value of button_0_status : button_0_state to 1
2026-10-02 10:19:12,558 [INFO] serial_rpc_logger: Setting value of button_0_status : button_0_press_count to 0
2026-10-02 10:19:12,558 [INFO] serial_rpc_logger: Request payload for request parameter button_1_status = [0]
2026-10-02 10:19:12,558 [INFO] serial_rpc_logger: Sending request payload: [0, 7, 1, 0, 0, 0, 0, 0, 0, 0, 0, 0, 0, 0, 0, 0, 0, 0, 0, 0, 0, 0, 0, 0, 0, 0, 0, 0, 0, 0, 0, 66]
2026-10-02 10:19:12,565 [INFO] serial_rpc_logger: Received a response from a bus target
2026-10-02 10:19:12,565 [INFO] serial_rpc_logger: Response packet ID: 7
2026-10-02 10:19:12,565 [INFO] serial_rpc_logger: Response payload length: 2
2026-10-02 10:19:12,565 [INFO] serial_rpc_logger: Response payload: b'\x01\x00'
2026-10-02 10:19:12,565 [INFO] serial_rpc_logger: Response name: button_1_status
2026-10-02 10:19:12,565 [INFO] serial_rpc_logger: Setting value of button_1_status : button_1_state to 1
2026-10-02 10:19:12,565 [INFO] serial_rpc_logger: Setting value of button_1_status : button_1_press_count to 0
2026-10-02 10:19:12,576 [INFO] serial_rpc_logger: Request payload for request parameter button_0_status = [0]
2026-10-02 10:19:12,576 [INFO] serial_rpc_logger: Sending request payload: [0, 5, 1, 0, 0, 0, 0, 0, 0, 0, 0, 0, 0, 0, 0, 0, 0, 0, 0, 0, 0, 0, 0, 0, 0, 0, 0, 0, 0, 0, 0, 223]
2026-10-02 10:19:12,583 [INFO] serial_rpc_logger: Received a response from a bus target
2026-10-02 10:19:12,584 [INFO] serial_rpc_logger: Response packet ID: 5
2026-10-02 10:19:12,584 [INFO] serial_rpc_logger: Response payload length: 2
2026-10-02 10:19:12,584 [INFO] serial_rpc_logger: Response payload: b'\x01\x00'
2026-10-02 10:19:12,584 [INFO] serial_rpc_logger: Response name: button_0_status
2026-10-02 10:19:12,584 [INFO] serial_rpc_logger: Setting value of button_0_status : button_0_state to 1
2026-10-02 10:19:12,584 [INFO] serial_rpc_logger: Setting value of button_0_status : button_0_press_count to 0
2026-10-02 10:19:12,584 [INFO] serial_rpc_logger: Request payload for request parameter button_1_status = [0]
2026-10-02 10:19:12,585 [INFO] serial_rpc_logger: Sending request payload: [0, 7, 1, 0, 0, 0, 0, 0, 0, 0, 0, 0, 0, 0, 0, 0, 0, 0, 0, 0, 0, 0, 0, 0, 0, 0, 0, 0, 0, 0, 0, 66]
2026-10-02 10:19:12,591 [INFO] serial_rpc_logger: Received a response from a bus target
2026-10-02 10:19:12,591 [INFO] serial_rpc_logger: Response packet ID: 7
2026-10-02 10:19:12,591 [INFO] serial_rpc_logger: Response payload length: 2
2026-10-02 10:19:12,592 [INFO] serial_rpc_logger: Response payload: b'\x01\x00'
2026-10-02 10:19:12,592 [INFO] serial_rpc_logger: Response name: button_1_status
2026-10-02 10:19:12,592 [INFO] serial_rpc_logger: Setting value of button_1_status : button_1_state to 1
2026-10-02 10:19:12,592 [INFO] serial_rpc_logger: Setting value of button_1_status : button_1_press_count to 0
2026-10-02 10:19:12,602 [INFO] serial_rpc_logger: Request payload for request parameter button_0_status = [0]
2026-10-02 10:19:12,602 [INFO] serial_rpc_logger: Sending request payload: [0, 5, 1, 0, 0, 0, 0, 0, 0, 0, 0, 0, 0, 0, 0, 0, 0, 0, 0, 0, 0, 0, 0, 0, 0, 0, 0, 0, 0, 0, 0, 223]
2026-10-02 10:19:12,608 [INFO] serial_rpc_logger: Received a response from a bus target
2026-10-02 10:19:12,609 [INFO] serial_rpc_logger: Response packet ID: 5
2026-10-02 10:19:12,609 [INFO] serial_rpc_logger: Response payload length: 2
2026-10-02 10:19:12,609 [INFO] serial_rpc_logger: Response payload: b'\x01\x00'
2026-10-02 10:19:12,609 [INFO] serial_rpc_logger: Response name: button_0_status
2026-10-02 10:19:12,609 [INFO] serial_rpc_logger: Setting value of button_0_status : button_0_state to 1
2026-10-02 10:19:12,610 [INFO] serial_rpc_logger: Setting value of button_0_status : button_0_press_count to 0
2026-10-02 10:19:12,610 [INFO] serial_rpc_logger: Request payload for request parameter button_1_status = [0]
2026-10-02 10:19:12,610 [INFO] serial_rpc_logger: Sending request payload: [0, 7, 1, 0, 0, 0, 0, 0, 0, 0, 0, 0, 0, 0, 0, 0, 0, 0, 0, 0, 0, 0, 0, 0, 0, 0, 0, 0, 0, 0, 0, 66]
2026-10-02 10:19:12,617 [INFO] serial_rpc_logger: Received a response from a bus target
2026-10-02 10:19:12,617 [INFO] serial_rpc_logger: Response packet ID: 7
2026-10-02 10:19:12,617 [INFO] serial_rpc_logger: Response payload length: 2
2026-10-02 10:19:12,617 [INFO] serial_rpc_logger: Response payload: b'\x01\x00'
2026-10-02 10:19:12,617 [INFO] serial_rpc_logger: Response name: button_1_status
2026-10-02 10:19:12,617 [INFO] serial_rpc_logger: Setting value of button_1_status : button_1_state to 1
2026-10-02 10:19:12,617 [INFO] serial_rpc_logger: Setting value of button_1_status : button_1_press_count to 0
2026-10-02 10:19:12,628 [INFO] serial_rpc_logger: Request payload for request parameter button_0_status = [0]
2026-10-02 10:19:12,629 [INFO] serial_rpc_logger: Sending request payload: [0, 5, 1, 0, 0, 0, 0, 0, 0, 0, 0, 0, 0, 0, 0, 0, 0, 0, 0, 0, 0, 0, 0, 0, 0, 0, 0, 0, 0, 0, 0, 223]
2026-10-02 10:19:12,636 [INFO] serial_rpc_logger: Received a response from a bus target
2026-10-02 10:19:12,636 [INFO] serial_rpc_logger: Response packet ID: 5
2026-10-02 10:19:12,636 [INFO] serial_rpc_logger: Response payload length: 2
2026-10-02 10:19:12,636 [INFO] serial_rpc_logger: Response payload: b'\x01\x00'
2026-10-02 10:19:12,636 [INFO] serial_rpc_logger: Response name: button_0_status
2026-10-02 10:19:12,636 [INFO] serial_rpc_logger: Setting value of button_0_status : button_0_state to 1
2026-10-02 10:19:12,636 [INFO] serial_rpc_logger: Setting value of button_0_status : button_0_press_count to 0
2026-10-02 10:19:12,636 [INFO] serial_rpc_logger: Request payload for request parameter button_1_status = [0]
2026-10-02 10:19:12,637 [INFO] serial_rpc_logger: Sending request payload: [0, 7, 1, 0, 0, 0, 0, 0, 0, 0, 0, 0, 0, 0, 0, 0, 0, 0, 0, 0, 0, 0, 0, 0, 0, 0, 0, 0, 0, 0, 0, 66]
2026-10-02 10:19:12,643 [INFO] serial_rpc_logger: Received a response from a bus target
2026-10-02 10:19:12,643 [INFO] serial_rpc_logger: Response packet ID: 7
2026-10-02 10:19:12,643 [INFO] serial_rpc_logger: Response payload length: 2
2026-10-02 10:19:12,644 [INFO] serial_rpc_logger: Response payload: b'\x01\x00'
2026-10-02 10:19:12,644 [INFO] serial_rpc_logger: Response name: button_1_status
2026-10-02 10:19:12,644 [INFO] serial_rpc_logger: Setting value of button_1_status : button_1_state to 1
2026-10-02 10:19:12,644 [INFO] serial_rpc_logger: Setting value of button_1_status : button_1_press_count to 0
2026-10-02 10:19:12,655 [INFO] serial_rpc_logger: Request payload for request parameter button_0_status = [0]
2026-10-02 10:19:12,655 [INFO] serial_rpc_logger: Sending request payload: [0, 5, 1, 0, 0, 0, 0, 0, 0, 0, 0, 0, 0, 0, 0, 0, 0, 0, 0, 0, 0, 0, 0, 0, 0, 0, 0, 0, 0, 0, 0, 223]
2026-10-02 10:19:12,662 [INFO] serial_rpc_logger: Received a response from a bus target
2026-10-02 10:19:12,662 [INFO] serial_rpc_logger: Response packet ID: 5
2026-10-02 10:19:12,662 [INFO] serial_rpc_logger: Response payload length: 2
2026-10-02 10:19:12,662 [INFO] serial_rpc_logger: Response payload: b'\x01\x00'
2026-10-02 10:19:12,662 [INFO] serial_rpc_logger: Response name: button_0_status
2026-10-02 10:19:12,662 [INFO] serial_rpc_logger: Setting value of button_0_status : button_0_state to 1
2026-10-02 10:19:12,662 [INFO] serial_rpc_logger: Setting value of button_0_status : button_0_press_count to 0
2026-10-02 10:19:12,662 [INFO] serial_rpc_logger: Request payload for request parameter button_1_status = [0]
2026-10-02 10:19:12,663 [INFO] serial_rpc_logger: Sending request payload: [0, 7, 1, 0, 0, 0, 0, 0, 0, 0, 0, 0, 0, 0, 0, 0, 0, 0, 0, 0, 0, 0, 0, 0, 0, 0, 0, 0, 0, 0, 0, 66]
2026-10-02 10:19:12,669 [INFO] serial_rpc_logger: Received a response from a bus target
2026-10-02 10:19:12,669 [INFO] serial_rpc_logger: Response packet ID: 7
2026-10-02 10:19:12,669 [INFO] serial_rpc_logger: Response payload length: 2
2026-10-02 10:19:12,669 [INFO] serial_rpc_logger: Response payload: b'\x01\x00'
2026-10-02 10:19:12,669 [INFO] serial_rpc_logger: Response name: button_1_status
2026-10-02 10:19:12,669 [INFO] serial_rpc_logger: Setting value of button_1_status : button_1_state to 1
2026-10-02 10:19:12,669 [INFO] serial_rpc_logger: Setting value of button_1_status : button_1_press_count to 0
2026-10-02 10:19:12,680 [INFO] serial_rpc_logger: Request payload for request parameter button_0_status = [0]
2026-10-02 10:19:12,680 [INFO] serial_rpc_logger: Sending request payload: [0, 5, 1, 0, 0, 0, 0, 0, 0, 0, 0, 0, 0, 0, 0, 0, 0, 0, 0, 0, 0, 0, 0, 0, 0, 0, 0, 0, 0, 0, 0, 223]
2026-10-02 10:19:12,687 [INFO] serial_rpc_logger: Received a response from a bus target
2026-10-02 10:19:12,687 [INFO] serial_rpc_logger: Response packet ID: 5
2026-10-02 10:19:12,687 [INFO] serial_rpc_logger: Response payload length: 2
2026-10-02 10:19:12,687 [INFO] serial_rpc_logger: Response payload: b'\x01\x00'
2026-10-02 10:19:12,687 [INFO] serial_rpc_logger: Response name: button_0_status
2026-10-02 10:19:12,687 [INFO] serial_rpc_logger: Setting value of button_0_status : button_0_state to 1
2026-10-02 10:19:12,687 [INFO] serial_rpc_logger: Setting value of button_0_status : button_0_press_count to 0
2026-10-02 10:19:12,687 [INFO] serial_rpc_logger: Request payload for request parameter button_1_status = [0]
2026-10-02 10:19:12,687 [INFO] serial_rpc_logger: Sending request payload: [0, 7, 1, 0, 0, 0, 0, 0, 0, 0, 0, 0, 0, 0, 0, 0, 0, 0, 0, 0, 0, 0, 0, 0, 0, 0, 0, 0, 0, 0, 0, 66]
2026-10-02 10:19:12,694 [INFO] serial_rpc_logger: Received a response from a bus target
2026-10-02 10:19:12,694 [INFO] serial_rpc_logger: Response packet ID: 7
2026-10-02 10:19:12,694 [INFO] serial_rpc_logger: Response payload length: 2
2026-10-02 10:19:12,694 [INFO] serial_rpc_logger: Response payload: b'\x01\x00'
2026-10-02 10:19:12,694 [INFO] serial_rpc_logger: Response name: button_1_status
2026-10-02 10:19:12,694 [INFO] serial_rpc_logger: Setting value of button_1_status : button_1_state to 1
2026-10-02 10:19:12,694 [INFO] serial_rpc_logger: Setting value of button_1_status : button_1_press_count to 0
2026-10-02 10:19:12,705 [INFO] serial_rpc_logger: Request payload for request parameter button_0_status = [0]
2026-10-02 10:19:12,706 [INFO] serial_rpc_logger: Sending request payload: [0, 5, 1, 0, 0, 0, 0, 0, 0, 0, 0, 0, 0, 0, 0, 0, 0, 0, 0, 0, 0, 0, 0, 0, 0, 0, 0, 0, 0, 0, 0, 223]
2026-10-02 10:19:12,712 [INFO] serial_rpc_logger: Received a response from a bus target
2026-10-02 10:19:12,712 [INFO] serial_rpc_logger: Response packet ID: 5
2026-10-02 10:19:12,712 [INFO] serial_rpc_logger: Response payload length: 2
2026-10-02 10:19:12,713 [INFO] serial_rpc_logger: Response payload: b'\x01\x00'
2026-10-02 10:19:12,713 [INFO] serial_rpc_logger: Response name: button_0_status
2026-10-02 10:19:12,713 [INFO] serial_rpc_logger: Setting value of button_0_status : button_0_state to 1
2026-10-02 10:19:12,713 [INFO] serial_rpc_logger: Setting value of button_0_status : button_0_press_count to 0
2026-10-02 10:19:12,713 [INFO] serial_rpc_logger: Request payload for request parameter button_1_status = [0]
2026-10-02 10:19:12,713 [INFO] serial_rpc_logger: Sending request payload: [0, 7, 1, 0, 0, 0, 0, 0, 0, 0, 0, 0, 0, 0, 0, 0, 0, 0, 0, 0, 0, 0, 0, 0, 0, 0, 0, 0, 0, 0, 0, 66]
2026-10-02 10:19:12,719 [INFO] serial_rpc_logger: Received a response from a bus target
2026-10-02 10:19:12,720 [INFO] serial_rpc_logger: Response packet ID: 7
2026-10-02 10:19:12,720 [INFO] serial_rpc_logger: Response payload length: 2
2026-10-02 10:19:12,720 [INFO] serial_rpc_logger: Response payload: b'\x01\x00'
2026-10-02 10:19:12,720 [INFO] serial_rpc_logger: Response name: button_1_status
2026-10-02 10:19:12,720 [INFO] serial_rpc_logger: Setting value of button_1_status : button_1_state to 1
2026-10-02 10:19:12,720 [INFO] serial_rpc_logger: Setting value of button_1_status : button_1_press_count to 0
2026-10-02 10:19:12,731 [INFO] serial_rpc_logger: Request payload for request parameter button_0_status = [0]
2026-10-02 10:19:12,732 [INFO] serial_rpc_logger: Sending request payload: [0, 5, 1, 0, 0, 0, 0, 0, 0, 0, 0, 0, 0, 0, 0, 0, 0, 0, 0, 0, 0, 0, 0, 0, 0, 0, 0, 0, 0, 0, 0, 223]
2026-10-02 10:19:12,739 [INFO] serial_rpc_logger: Received a response from a bus target
2026-10-02 10:19:12,739 [INFO] serial_rpc_logger: Response packet ID: 5
2026-10-02 10:19:12,739 [INFO] serial_rpc_logger: Response payload length: 2
2026-10-02 10:19:12,739 [INFO] serial_rpc_logger: Response payload: b'\x01\x00'
2026-10-02 10:19:12,739 [INFO] serial_rpc_logger: Response name: button_0_status
2026-10-02 10:19:12,739 [INFO] serial_rpc_logger: Setting value of button_0_status : button_0_state to 1
2026-10-02 10:19:12,739 [INFO] serial_rpc_logger: Setting value of button_0_status : button_0_press_count to 0
2026-10-02 10:19:12,739 [INFO] serial_rpc_logger: Request payload for request parameter button_1_status = [0]
2026-10-02 10:19:12,739 [INFO] serial_rpc_logger: Sending request payload: [0, 7, 1, 0, 0, 0, 0, 0, 0, 0, 0, 0, 0, 0, 0, 0, 0, 0, 0, 0, 0, 0, 0, 0, 0, 0, 0, 0, 0, 0, 0, 66]
2026-10-02 10:19:12,746 [INFO] serial_rpc_logger: Received a response from a bus target
2026-10-02 10:19:12,746 [INFO] serial_rpc_logger: Response packet ID: 7
2026-10-02 10:19:12,746 [INFO] serial_rpc_logger: Response payload length: 2
2026-10-02 10:19:12,746 [INFO] serial_rpc_logger: Response payload: b'\x01\x00'
2026-10-02 10:19:12,746 [INFO] serial_rpc_logger: Response name: button_1_status
2026-10-02 10:19:12,747 [INFO] serial_rpc_logger: Setting value of button_1_status : button_1_state to 1
2026-10-02 10:19:12,747 [INFO] serial_rpc_logger: Setting value of button_1_status : button_1_press_count to 0
2026-10-02 10:19:12,757 [INFO] serial_rpc_logger: Request payload for request parameter button_0_status = [0]
2026-10-02 10:19:12,757 [INFO] serial_rpc_logger: Sending request payload: [0, 5, 1, 0, 0, 0, 0, 0, 0, 0, 0, 0, 0, 0, 0, 0, 0, 0, 0, 0, 0, 0, 0, 0, 0, 0, 0, 0, 0, 0, 0, 223]
2026-10-02 10:19:12,764 [INFO] serial_rpc_logger: Received a response from a bus target
2026-10-02 10:19:12,765 [INFO] serial_rpc_logger: Response packet ID: 5
2026-10-02 10:19:12,765 [INFO] serial_rpc_logger: Response payload length: 2
2026-10-02 10:19:12,765 [INFO] serial_rpc_logger: Response payload: b'\x01\x00'
2026-10-02 10:19:12,765 [INFO] serial_rpc_logger: Response name: button_0_status
2026-10-02 10:19:12,766 [INFO] serial_rpc_logger: Setting value of button_0_status : button_0_state to 1
2026-10-02 10:19:12,766 [INFO] serial_rpc_logger: Setting value of button_0_status : button_0_press_count to 0
2026-10-02 10:19:12,766 [INFO] serial_rpc_logger: Request payload for request parameter button_1_status = [0]
2026-10-02 10:19:12,766 [INFO] serial_rpc_logger: Sending request payload: [0, 7, 1, 0, 0, 0, 0, 0, 0, 0, 0, 0, 0, 0, 0, 0, 0, 0, 0, 0, 0, 0, 0, 0, 0, 0, 0, 0, 0, 0, 0, 66]
2026-10-02 10:19:12,772 [INFO] serial_rpc_logger: Received a response from a bus target
2026-10-02 10:19:12,773 [INFO] serial_rpc_logger: Response packet ID: 7
2026-10-02 10:19:12,773 [INFO] serial_rpc_logger: Response payload length: 2
2026-10-02 10:19:12,773 [INFO] serial_rpc_logger: Response payload: b'\x01\x00'
2026-10-02 10:19:12,773 [INFO] serial_rpc_logger: Response name: button_1_status
2026-10-02 10:19:12,773 [INFO] serial_rpc_logger: Setting value of button_1_status : button_1_state to 1
2026-10-02 10:19:12,773 [INFO] serial_rpc_logger: Setting value of button_1_status : button_1_press_count to 0
2026-10-02 10:19:12,784 [INFO] serial_rpc_logger: Request payload for request parameter button_0_status = [0]
2026-10-02 10:19:12,784 [INFO] serial_rpc_logger: Sending request payload: [0, 5, 1, 0, 0, 0, 0, 0, 0, 0, 0, 0, 0, 0, 0, 0, 0, 0, 0, 0, 0, 0, 0, 0, 0, 0, 0, 0, 0, 0, 0, 223]
2026-10-02 10:19:12,790 [INFO] serial_rpc_logger: Received a response from a bus target
2026-10-02 10:19:12,791 [INFO] serial_rpc_logger: Response packet ID: 5
2026-10-02 10:19:12,791 [INFO] serial_rpc_logger: Response payload length: 2
2026-10-02 10:19:12,791 [INFO] serial_rpc_logger: Response payload: b'\x00\x00'
2026-10-02 10:19:12,791 [INFO] serial_rpc_logger: Response name: button_0_status
2026-10-02 10:19:12,791 [INFO] serial_rpc_logger: Setting value of button_0_status : button_0_state to 0
2026-10-02 10:19:12,791 [INFO] serial_rpc_logger: Setting value of button_0_status : button_0_press_count to 0
2026-10-02 10:19:12,791 [INFO] serial_rpc_logger: Request payload for request parameter button_1_status = [0]
2026-10-02 10:19:12,791 [INFO] serial_rpc_logger: Sending request payload: [0, 7, 1, 0, 0, 0, 0, 0, 0, 0, 0, 0, 0, 0, 0, 0, 0, 0, 0, 0, 0, 0, 0, 0, 0, 0, 0, 0, 0, 0, 0, 66]
2026-10-02 10:19:12,797 [INFO] serial_rpc_logger: Received a response from a bus target
2026-10-02 10:19:12,798 [INFO] serial_rpc_logger: Response packet ID: 7
2026-10-02 10:19:12,798 [INFO] serial_rpc_logger: Response payload length: 2
2026-10-02 10:19:12,798 [INFO] serial_rpc_logger: Response payload: b'\x01\x00'
2026-10-02 10:19:12,798 [INFO] serial_rpc_logger: Response name: button_1_status
2026-10-02 10:19:12,798 [INFO] serial_rpc_logger: Setting value of button_1_status : button_1_state to 1
2026-10-02 10:19:12,798 [INFO] serial_rpc_logger: Setting value of button_1_status : button_1_press_count to 0
2026-10-02 10:19:12,809 [INFO] serial_rpc_logger: Request payload for request parameter button_0_status = [0]
2026-10-02 10:19:12,809 [INFO] serial_rpc_logger: Sending request payload: [0, 5, 1, 0, 0, 0, 0, 0, 0, 0, 0, 0, 0, 0, 0, 0, 0, 0, 0, 0, 0, 0, 0, 0, 0, 0, 0, 0, 0, 0, 0, 223]
2026-10-02 10:19:12,816 [INFO] serial_rpc_logger: Received a response from a bus target
2026-10-02 10:19:12,816 [INFO] serial_rpc_logger: Response packet ID: 5
2026-10-02 10:19:12,816 [INFO] serial_rpc_logger: Response payload length: 2
2026-10-02 10:19:12,816 [INFO] serial_rpc_logger: Response payload: b'\x00\x00'
2026-10-02 10:19:12,817 [INFO] serial_rpc_logger: Response name: button_0_status
2026-10-02 10:19:12,817 [INFO] serial_rpc_logger: Setting value of button_0_status : button_0_state to 0
2026-10-02 10:19:12,817 [INFO] serial_rpc_logger: Setting value of button_0_status : button_0_press_count to 0
2026-10-02 10:19:12,817 [INFO] serial_rpc_logger: Request payload for request parameter button_1_status = [0]
2026-10-02 10:19:12,817 [INFO] serial_rpc_logger: Sending request payload: [0, 7, 1, 0, 0, 0, 0, 0, 0, 0, 0, 0, 0, 0, 0, 0, 0, 0, 0, 0, 0, 0, 0, 0, 0, 0, 0, 0, 0, 0, 0, 66]
2026-10-02 10:19:12,823 [INFO] serial_rpc_logger: Received a response from a bus target
2026-10-02 10:19:12,824 [INFO] serial_rpc_logger: Response packet ID: 7
2026-10-02 10:19:12,824 [INFO] serial_rpc_logger: Response payload length: 2
2026-10-02 10:19:12,824 [INFO] serial_rpc_logger: Response payload: b'\x01\x00'
2026-10-02 10:19:12,824 [INFO] serial_rpc_logger: Response name: button_1_status
2026-10-02 10:19:12,824 [INFO] serial_rpc_logger: Setting value of button_1_status : button_1_state to 1
2026-10-02 10:19:12,824 [INFO] serial_rpc_logger: Setting value of button_1_status : button_1_press_count to 0
2026-10-02 10:19:12,835 [INFO] serial_rpc_logger: Request payload for request parameter button_0_status = [0]
2026-10-02 10:19:12,836 [INFO] serial_rpc_logger: Sending request payload: [0, 5, 1, 0, 0, 0, 0, 0, 0, 0, 0, 0, 0, 0, 0, 0, 0, 0, 0, 0, 0, 0, 0, 0, 0, 0, 0, 0, 0, 0, 0, 223]
2026-10-02 10:19:12,842 [INFO] serial_rpc_logger: Received a response from a bus target
2026-10-02 10:19:12,843 [INFO] serial_rpc_logger: Response packet ID: 5
2026-10-02 10:19:12,843 [INFO] serial_rpc_logger: Response payload length: 2
2026-10-02 10:19:12,843 [INFO] serial_rpc_logger: Response payload: b'\x00\x00'
2026-10-02 10:19:12,843 [INFO] serial_rpc_logger: Response name: button_0_status
2026-10-02 10:19:12,844 [INFO] serial_rpc_logger: Setting value of button_0_status : button_0_state to 0
2026-10-02 10:19:12,844 [INFO] serial_rpc_logger: Setting value of button_0_status : button_0_press_count to 0
2026-10-02 10:19:12,844 [INFO] serial_rpc_logger: Request payload for request parameter button_1_status = [0]
2026-10-02 10:19:12,844 [INFO] serial_rpc_logger: Sending request payload: [0, 7, 1, 0, 0, 0, 0, 0, 0, 0, 0, 0, 0, 0, 0, 0, 0, 0, 0, 0, 0, 0, 0, 0, 0, 0, 0, 0, 0, 0, 0, 66]
2026-10-02 10:19:12,851 [INFO] serial_rpc_logger: Received a response from a bus target
2026-10-02 10:19:12,851 [INFO] serial_rpc_logger: Response packet ID: 7
2026-10-02 10:19:12,851 [INFO] serial_rpc_logger: Response payload length: 2
2026-10-02 10:19:12,851 [INFO] serial_rpc_logger: Response payload: b'\x01\x00'
2026-10-02 10:19:12,852 [INFO] serial_rpc_logger: Response name: button_1_status
2026-10-02 10:19:12,852 [INFO] serial_rpc_logger: Setting value of button_1_status : button_1_state to 1
2026-10-02 10:19:12,852 [INFO] serial_rpc_logger: Setting value of button_1_status : button_1_press_count to 0
2026-10-02 10:19:12,862 [INFO] serial_rpc_logger: Request payload for request parameter button_0_status = [0]
2026-10-02 10:19:12,863 [INFO] serial_rpc_logger: Sending request payload: [0, 5, 1, 0, 0, 0, 0, 0, 0, 0, 0, 0, 0, 0, 0, 0, 0, 0, 0, 0, 0, 0, 0, 0, 0, 0, 0, 0, 0, 0, 0, 223]
2026-10-02 10:19:12,870 [INFO] serial_rpc_logger: Received a response from a bus target
2026-10-02 10:19:12,870 [INFO] serial_rpc_logger: Response packet ID: 5
2026-10-02 10:19:12,870 [INFO] serial_rpc_logger: Response payload length: 2
2026-10-02 10:19:12,870 [INFO] serial_rpc_logger: Response payload: b'\x00\x00'
2026-10-02 10:19:12,870 [INFO] serial_rpc_logger: Response name: button_0_status
2026-10-02 10:19:12,870 [INFO] serial_rpc_logger: Setting value of button_0_status : button_0_state to 0
2026-10-02 10:19:12,870 [INFO] serial_rpc_logger: Setting value of button_0_status : button_0_press_count to 0
2026-10-02 10:19:12,870 [INFO] serial_rpc_logger: Request payload for request parameter button_1_status = [0]
2026-10-02 10:19:12,871 [INFO] serial_rpc_logger: Sending request payload: [0, 7, 1, 0, 0, 0, 0, 0, 0, 0, 0, 0, 0, 0, 0, 0, 0, 0, 0, 0, 0, 0, 0, 0, 0, 0, 0, 0, 0, 0, 0, 66]
2026-10-02 10:19:12,877 [INFO] serial_rpc_logger: Received a response from a bus target
2026-10-02 10:19:12,878 [INFO] serial_rpc_logger: Response packet ID: 7
2026-10-02 10:19:12,878 [INFO] serial_rpc_logger: Response payload length: 2
2026-10-02 10:19:12,878 [INFO] serial_rpc_logger: Response payload: b'\x01\x00'
2026-10-02 10:19:12,878 [INFO] serial_rpc_logger: Response name: button_1_status
2026-10-02 10:19:12,878 [INFO] serial_rpc_logger: Setting value of button_1_status : button_1_state to 1
2026-10-02 10:19:12,878 [INFO] serial_rpc_logger: Setting value of button_1_status : button_1_press_count to 0
2026-10-02 10:19:12,889 [INFO] serial_rpc_logger: Request payload for request parameter button_0_status = [0]
2026-10-02 10:19:12,889 [INFO] serial_rpc_logger: Sending request payload: [0, 5, 1, 0, 0, 0, 0, 0, 0, 0, 0, 0, 0, 0, 0, 0, 0, 0, 0, 0, 0, 0, 0, 0, 0, 0, 0, 0, 0, 0, 0, 223]
2026-10-02 10:19:12,895 [INFO] serial_rpc_logger: Received a response from a bus target
2026-10-02 10:19:12,896 [INFO] serial_rpc_logger: Response packet ID: 5
2026-10-02 10:19:12,896 [INFO] serial_rpc_logger: Response payload length: 2
2026-10-02 10:19:12,897 [INFO] serial_rpc_logger: Response payload: b'\x00\x00'
2026-10-02 10:19:12,897 [INFO] serial_rpc_logger: Response name: button_0_status
2026-10-02 10:19:12,897 [INFO] serial_rpc_logger: Setting value of button_0_status : button_0_state to 0
2026-10-02 10:19:12,897 [INFO] serial_rpc_logger: Setting value of button_0_status : button_0_press_count to 0
2026-10-02 10:19:12,897 [INFO] serial_rpc_logger: Request payload for request parameter button_1_status = [0]
2026-10-02 10:19:12,898 [INFO] serial_rpc_logger: Sending request payload: [0, 7, 1, 0, 0, 0, 0, 0, 0, 0, 0, 0, 0, 0, 0, 0, 0, 0, 0, 0, 0, 0, 0, 0, 0, 0, 0, 0, 0, 0, 0, 66]
2026-10-02 10:19:12,904 [INFO] serial_rpc_logger: Received a response from a bus target
2026-10-02 10:19:12,904 [INFO] serial_rpc_logger: Response packet ID: 7
2026-10-02 10:19:12,904 [INFO] serial_rpc_logger: Response payload length: 2
2026-10-02 10:19:12,905 [INFO] serial_rpc_logger: Response payload: b'\x01\x00'
2026-10-02 10:19:12,905 [INFO] serial_rpc_logger: Response name: button_1_status
2026-10-02 10:19:12,905 [INFO] serial_rpc_logger: Setting value of button_1_status : button_1_state to 1
2026-10-02 10:19:12,905 [INFO] serial_rpc_logger: Setting value of button_1_status : button_1_press_count to 0
2026-10-02 10:19:12,915 [INFO] serial_rpc_logger: Request payload for request parameter button_0_status = [0]
2026-10-02 10:19:12,916 [INFO] serial_rpc_logger: Sending request payload: [0, 5, 1, 0, 0, 0, 0, 0, 0, 0, 0, 0, 0, 0, 0, 0, 0, 0, 0, 0, 0, 0, 0, 0, 0, 0, 0, 0, 0, 0, 0, 223]
2026-10-02 10:19:12,922 [INFO] serial_rpc_logger: Received a response from a bus target
2026-10-02 10:19:12,923 [INFO] serial_rpc_logger: Response packet ID: 5
2026-10-02 10:19:12,923 [INFO] serial_rpc_logger: Response payload length: 2
2026-10-02 10:19:12,923 [INFO] serial_rpc_logger: Response payload: b'\x00\x00'
2026-10-02 10:19:12,923 [INFO] serial_rpc_logger: Response name: button_0_status
2026-10-02 10:19:12,923 [INFO] serial_rpc_logger: Setting value of button_0_status : button_0_state to 0
2026-10-02 10:19:12,923 [INFO] serial_rpc_logger: Setting value of button_0_status : button_0_press_count to 0
2026-10-02 10:19:12,923 [INFO] serial_rpc_logger: Request payload for request parameter button_1_status = [0]
2026-10-02 10:19:12,923 [INFO] serial_rpc_logger: Sending request payload: [0, 7, 1, 0, 0, 0, 0, 0, 0, 0, 0, 0, 0, 0, 0, 0, 0, 0, 0, 0, 0, 0, 0, 0, 0, 0, 0, 0, 0, 0, 0, 66]
2026-10-02 10:19:12,929 [INFO] serial_rpc_logger: Received a response from a bus target
2026-10-02 10:19:12,930 [INFO] serial_rpc_logger: Response packet ID: 7
2026-10-02 10:19:12,930 [INFO] serial_rpc_logger: Response payload length: 2
2026-10-02 10:19:12,930 [INFO] serial_rpc_logger: Response payload: b'\x01\x00'
2026-10-02 10:19:12,930 [INFO] serial_rpc_logger: Response name: button_1_status
2026-10-02 10:19:12,930 [INFO] serial_rpc_logger: Setting value of button_1_status : button_1_state to 1
2026-10-02 10:19:12,930 [INFO] serial_rpc_logger: Setting value of button_1_status : button_1_press_count to 0
2026-10-02 10:19:12,941 [INFO] serial_rpc_logger: Request payload for request parameter button_0_status = [0]
2026-10-02 10:19:12,941 [INFO] serial_rpc_logger: Sending request payload: [0, 5, 1, 0, 0, 0, 0, 0, 0, 0, 0, 0, 0, 0, 0, 0, 0, 0, 0, 0, 0, 0, 0, 0, 0, 0, 0, 0, 0, 0, 0, 223]
2026-10-02 10:19:12,947 [INFO] serial_rpc_logger: Received a response from a bus target
2026-10-02 10:19:12,948 [INFO] serial_rpc_logger: Response packet ID: 5
2026-10-02 10:19:12,948 [INFO] serial_rpc_logger: Response payload length: 2
2026-10-02 10:19:12,948 [INFO] serial_rpc_logger: Response payload: b'\x00\x00'
2026-10-02 10:19:12,948 [INFO] serial_rpc_logger: Response name: button_0_status
2026-10-02 10:19:12,948 [INFO] serial_rpc_logger: Setting value of button_0_status : button_0_state to 0
2026-10-02 10:19:12,948 [INFO] serial_rpc_logger: Setting value of button_0_status : button_0_press_count to 0
2026-10-02 10:19:12,948 [INFO] serial_rpc_logger: Request payload for request parameter button_1_status = [0]
2026-10-02 10:19:12,948 [INFO] serial_rpc_logger: Sending request payload: [0, 7, 1, 0, 0, 0, 0, 0, 0, 0, 0, 0, 0, 0, 0, 0, 0, 0, 0, 0, 0, 0, 0, 0, 0, 0, 0, 0, 0, 0, 0, 66]
2026-10-02 10:19:12,955 [INFO] serial_rpc_logger: Received a response from a bus target
2026-10-02 10:19:12,955 [INFO] serial_rpc_logger: Response packet ID: 7
2026-10-02 10:19:12,956 [INFO] serial_rpc_logger: Response payload length: 2
2026-10-02 10:19:12,956 [INFO] serial_rpc_logger: Response payload: b'\x01\x00'
2026-10-02 10:19:12,956 [INFO] serial_rpc_logger: Response name: button_1_status
2026-10-02 10:19:12,956 [INFO] serial_rpc_logger: Setting value of button_1_status : button_1_state to 1
2026-10-02 10:19:12,956 [INFO] serial_rpc_logger: Setting value of button_1_status : button_1_press_count to 0
2026-10-02 10:19:12,967 [INFO] serial_rpc_logger: Request payload for request parameter button_0_status = [0]
2026-10-02 10:19:12,968 [INFO] serial_rpc_logger: Sending request payload: [0, 5, 1, 0, 0, 0, 0, 0, 0, 0, 0, 0, 0, 0, 0, 0, 0, 0, 0, 0, 0, 0, 0, 0, 0, 0, 0, 0, 0, 0, 0, 223]
2026-10-02 10:19:12,975 [INFO] serial_rpc_logger: Received a response from a bus target
2026-10-02 10:19:12,975 [INFO] serial_rpc_logger: Response packet ID: 5
2026-10-02 10:19:12,975 [INFO] serial_rpc_logger: Response payload length: 2
2026-10-02 10:19:12,976 [INFO] serial_rpc_logger: Response payload: b'\x01\x01'
2026-10-02 10:19:12,976 [INFO] serial_rpc_logger: Response name: button_0_status
2026-10-02 10:19:12,976 [INFO] serial_rpc_logger: Setting value of button_0_status : button_0_state to 1
2026-10-02 10:19:12,976 [INFO] serial_rpc_logger: Setting value of button_0_status : button_0_press_count to 1
2026-10-02 10:19:12,976 [INFO] serial_rpc_logger: Request payload for request parameter button_1_status = [0]
2026-10-02 10:19:12,977 [INFO] serial_rpc_logger: Sending request payload: [0, 7, 1, 0, 0, 0, 0, 0, 0, 0, 0, 0, 0, 0, 0, 0, 0, 0, 0, 0, 0, 0, 0, 0, 0, 0, 0, 0, 0, 0, 0, 66]
2026-10-02 10:19:12,983 [INFO] serial_rpc_logger: Received a response from a bus target
2026-10-02 10:19:12,984 [INFO] serial_rpc_logger: Response packet ID: 7
2026-10-02 10:19:12,984 [INFO] serial_rpc_logger: Response payload length: 2
2026-10-02 10:19:12,984 [INFO] serial_rpc_logger: Response payload: b'\x01\x00'
2026-10-02 10:19:12,984 [INFO] serial_rpc_logger: Response name: button_1_status
2026-10-02 10:19:12,984 [INFO] serial_rpc_logger: Setting value of button_1_status : button_1_state to 1
2026-10-02 10:19:12,984 [INFO] serial_rpc_logger: Setting value of button_1_status : button_1_press_count to 0
2026-10-02 10:19:12,995 [INFO] serial_rpc_logger: Request payload for request parameter button_0_status = [0]
2026-10-02 10:19:12,995 [INFO] serial_rpc_logger: Sending request payload: [0, 5, 1, 0, 0, 0, 0, 0, 0, 0, 0, 0, 0, 0, 0, 0, 0, 0, 0, 0, 0, 0, 0, 0, 0, 0, 0, 0, 0, 0, 0, 223]
2026-10-02 10:19:13,002 [INFO] serial_rpc_logger: Received a response from a bus target
2026-10-02 10:19:13,002 [INFO] serial_rpc_logger: Response packet ID: 5
2026-10-02 10:19:13,002 [INFO] serial_rpc_logger: Response payload length: 2
2026-10-02 10:19:13,002 [INFO] serial_rpc_logger: Response payload: b'\x01\x01'
2026-10-02 10:19:13,002 [INFO] serial_rpc_logger: Response name: button_0_status
2026-10-02 10:19:13,003 [INFO] serial_rpc_logger: Setting value of button_0_status : button_0_state to 1
2026-10-02 10:19:13,003 [INFO] serial_rpc_logger: Setting value of button_0_status : button_0_press_count to 1
2026-10-02 10:19:13,003 [INFO] serial_rpc_logger: Request payload for request parameter button_1_status = [0]
2026-10-02 10:19:13,003 [INFO] serial_rpc_logger: Sending request payload: [0, 7, 1, 0, 0, 0, 0, 0, 0, 0, 0, 0, 0, 0, 0, 0, 0, 0, 0, 0, 0, 0, 0, 0, 0, 0, 0, 0, 0, 0, 0, 66]
2026-10-02 10:19:13,009 [INFO] serial_rpc_logger: Received a response from a bus target
2026-10-02 10:19:13,010 [INFO] serial_rpc_logger: Response packet ID: 7
2026-10-02 10:19:13,010 [INFO] serial_rpc_logger: Response payload length: 2
2026-10-02 10:19:13,011 [INFO] serial_rpc_logger: Response payload: b'\x01\x00'
2026-10-02 10:19:13,011 [INFO] serial_rpc_logger: Response name: button_1_status
2026-10-02 10:19:13,011 [INFO] serial_rpc_logger: Setting value of button_1_status : button_1_state to 1
2026-10-02 10:19:13,011 [INFO] serial_rpc_logger: Setting value of button_1_status : button_1_press_count to 0
2026-10-02 10:19:13,022 [INFO] serial_rpc_logger: Request payload for request parameter button_0_status = [0]
2026-10-02 10:19:13,022 [INFO] serial_rpc_logger: Sending request payload: [0, 5, 1, 0, 0, 0, 0, 0, 0, 0, 0, 0, 0, 0, 0, 0, 0, 0, 0, 0, 0, 0, 0, 0, 0, 0, 0, 0, 0, 0, 0, 223]
2026-10-02 10:19:13,029 [INFO] serial_rpc_logger: Received a response from a bus target
2026-10-02 10:19:13,030 [INFO] serial_rpc_logger: Response packet ID: 5
2026-10-02 10:19:13,030 [INFO] serial_rpc_logger: Response payload length: 2
2026-10-02 10:19:13,030 [INFO] serial_rpc_logger: Response payload: b'\x01\x01'
2026-10-02 10:19:13,030 [INFO] serial_rpc_logger: Response name: button_0_status
2026-10-02 10:19:13,031 [INFO] serial_rpc_logger: Setting value of button_0_status : button_0_state to 1
2026-10-02 10:19:13,031 [INFO] serial_rpc_logger: Setting value of button_0_status : button_0_press_count to 1
2026-10-02 10:19:13,031 [INFO] serial_rpc_logger: Request payload for request parameter button_1_status = [0]
2026-10-02 10:19:13,031 [INFO] serial_rpc_logger: Sending request payload: [0, 7, 1, 0, 0, 0, 0, 0, 0, 0, 0, 0, 0, 0, 0, 0, 0, 0, 0, 0, 0, 0, 0, 0, 0, 0, 0, 0, 0, 0, 0, 66]
2026-10-02 10:19:13,038 [INFO] serial_rpc_logger: Received a response from a bus target
2026-10-02 10:19:13,038 [INFO] serial_rpc_logger: Response packet ID: 7
2026-10-02 10:19:13,039 [INFO] serial_rpc_logger: Response payload length: 2
2026-10-02 10:19:13,039 [INFO] serial_rpc_logger: Response payload: b'\x01\x00'
2026-10-02 10:19:13,039 [INFO] serial_rpc_logger: Response name: button_1_status
2026-10-02 10:19:13,039 [INFO] serial_rpc_logger: Setting value of button_1_status : button_1_state to 1
2026-10-02 10:19:13,039 [INFO] serial_rpc_logger: Setting value of button_1_status : button_1_press_count to 0
2026-10-02 10:19:13,050 [INFO] serial_rpc_logger: Request payload for request parameter button_0_status = [0]
2026-10-02 10:19:13,051 [INFO] serial_rpc_logger: Sending request payload: [0, 5, 1, 0, 0, 0, 0, 0, 0, 0, 0, 0, 0, 0, 0, 0, 0, 0, 0, 0, 0, 0, 0, 0, 0, 0, 0, 0, 0, 0, 0, 223]
2026-10-02 10:19:13,057 [INFO] serial_rpc_logger: Received a response from a bus target
2026-10-02 10:19:13,057 [INFO] serial_rpc_logger: Response packet ID: 5
2026-10-02 10:19:13,057 [INFO] serial_rpc_logger: Response payload length: 2
2026-10-02 10:19:13,058 [INFO] serial_rpc_logger: Response payload: b'\x01\x01'
2026-10-02 10:19:13,058 [INFO] serial_rpc_logger: Response name: button_0_status
2026-10-02 10:19:13,058 [INFO] serial_rpc_logger: Setting value of button_0_status : button_0_state to 1
2026-10-02 10:19:13,058 [INFO] serial_rpc_logger: Setting value of button_0_status : button_0_press_count to 1
2026-10-02 10:19:13,058 [INFO] serial_rpc_logger: Request payload for request parameter button_1_status = [0]
2026-10-02 10:19:13,058 [INFO] serial_rpc_logger: Sending request payload: [0, 7, 1, 0, 0, 0, 0, 0, 0, 0, 0, 0, 0, 0, 0, 0, 0, 0, 0, 0, 0, 0, 0, 0, 0, 0, 0, 0, 0, 0, 0, 66]
2026-10-02 10:19:13,065 [INFO] serial_rpc_logger: Received a response from a bus target
2026-10-02 10:19:13,065 [INFO] serial_rpc_logger: Response packet ID: 7
2026-10-02 10:19:13,065 [INFO] serial_rpc_logger: Response payload length: 2
2026-10-02 10:19:13,066 [INFO] serial_rpc_logger: Response payload: b'\x01\x00'
2026-10-02 10:19:13,066 [INFO] serial_rpc_logger: Response name: button_1_status
2026-10-02 10:19:13,066 [INFO] serial_rpc_logger: Setting value of button_1_status : button_1_state to 1
2026-10-02 10:19:13,066 [INFO] serial_rpc_logger: Setting value of button_1_status : button_1_press_count to 0
2026-10-02 10:19:13,077 [INFO] serial_rpc_logger: Request payload for request parameter button_0_status = [0]
2026-10-02 10:19:13,078 [INFO] serial_rpc_logger: Sending request payload: [0, 5, 1, 0, 0, 0, 0, 0, 0, 0, 0, 0, 0, 0, 0, 0, 0, 0, 0, 0, 0, 0, 0, 0, 0, 0, 0, 0, 0, 0, 0, 223]
2026-10-02 10:19:13,086 [INFO] serial_rpc_logger: Received a response from a bus target
2026-10-02 10:19:13,086 [INFO] serial_rpc_logger: Response packet ID: 5
2026-10-02 10:19:13,087 [INFO] serial_rpc_logger: Response payload length: 2
2026-10-02 10:19:13,087 [INFO] serial_rpc_logger: Response payload: b'\x01\x01'
2026-10-02 10:19:13,087 [INFO] serial_rpc_logger: Response name: button_0_status
2026-10-02 10:19:13,087 [INFO] serial_rpc_logger: Setting value of button_0_status : button_0_state to 1
2026-10-02 10:19:13,087 [INFO] serial_rpc_logger: Setting value of button_0_status : button_0_press_count to 1
2026-10-02 10:19:13,087 [INFO] serial_rpc_logger: Request payload for request parameter button_1_status = [0]
2026-10-02 10:19:13,088 [INFO] serial_rpc_logger: Sending request payload: [0, 7, 1, 0, 0, 0, 0, 0, 0, 0, 0, 0, 0, 0, 0, 0, 0, 0, 0, 0, 0, 0, 0, 0, 0, 0, 0, 0, 0, 0, 0, 66]
2026-10-02 10:19:13,095 [INFO] serial_rpc_logger: Received a response from a bus target
2026-10-02 10:19:13,098 [INFO] serial_rpc_logger: Response packet ID: 7
2026-10-02 10:19:13,098 [INFO] serial_rpc_logger: Response payload length: 2
2026-10-02 10:19:13,098 [INFO] serial_rpc_logger: Response payload: b'\x01\x00'
2026-10-02 10:19:13,098 [INFO] serial_rpc_logger: Response name: button_1_status
2026-10-02 10:19:13,098 [INFO] serial_rpc_logger: Setting value of button_1_status : button_1_state to 1
2026-10-02 10:19:13,099 [INFO] serial_rpc_logger: Setting value of button_1_status : button_1_press_count to 0
2026-10-02 10:19:13,112 [INFO] serial_rpc_logger: Request payload for request parameter button_0_status = [0]
2026-10-02 10:19:13,113 [INFO] serial_rpc_logger: Sending request payload: [0, 5, 1, 0, 0, 0, 0, 0, 0, 0, 0, 0, 0, 0, 0, 0, 0, 0, 0, 0, 0, 0, 0, 0, 0, 0, 0, 0, 0, 0, 0, 223]
2026-10-02 10:19:13,120 [INFO] serial_rpc_logger: Received a response from a bus target
2026-10-02 10:19:13,120 [INFO] serial_rpc_logger: Response packet ID: 5
2026-10-02 10:19:13,120 [INFO] serial_rpc_logger: Response payload length: 2
2026-10-02 10:19:13,120 [INFO] serial_rpc_logger: Response payload: b'\x01\x01'
2026-10-02 10:19:13,121 [INFO] serial_rpc_logger: Response name: button_0_status
2026-10-02 10:19:13,121 [INFO] serial_rpc_logger: Setting value of button_0_status : button_0_state to 1
2026-10-02 10:19:13,121 [INFO] serial_rpc_logger: Setting value of button_0_status : button_0_press_count to 1
2026-10-02 10:19:13,121 [INFO] serial_rpc_logger: Request payload for request parameter button_1_status = [0]
2026-10-02 10:19:13,121 [INFO] serial_rpc_logger: Sending request payload: [0, 7, 1, 0, 0, 0, 0, 0, 0, 0, 0, 0, 0, 0, 0, 0, 0, 0, 0, 0, 0, 0, 0, 0, 0, 0, 0, 0, 0, 0, 0, 66]
2026-10-02 10:19:13,128 [INFO] serial_rpc_logger: Received a response from a bus target
2026-10-02 10:19:13,129 [INFO] serial_rpc_logger: Response packet ID: 7
2026-10-02 10:19:13,129 [INFO] serial_rpc_logger: Response payload length: 2
2026-10-02 10:19:13,129 [INFO] serial_rpc_logger: Response payload: b'\x01\x00'
2026-10-02 10:19:13,129 [INFO] serial_rpc_logger: Response name: button_1_status
2026-10-02 10:19:13,129 [INFO] serial_rpc_logger: Setting value of button_1_status : button_1_state to 1
2026-10-02 10:19:13,129 [INFO] serial_rpc_logger: Setting value of button_1_status : button_1_press_count to 0
2026-10-02 10:19:13,143 [INFO] serial_rpc_logger: Request payload for request parameter button_0_status = [0]
2026-10-02 10:19:13,144 [INFO] serial_rpc_logger: Sending request payload: [0, 5, 1, 0, 0, 0, 0, 0, 0, 0, 0, 0, 0, 0, 0, 0, 0, 0, 0, 0, 0, 0, 0, 0, 0, 0, 0, 0, 0, 0, 0, 223]
2026-10-02 10:19:13,151 [INFO] serial_rpc_logger: Received a response from a bus target
2026-10-02 10:19:13,152 [INFO] serial_rpc_logger: Response packet ID: 5
2026-10-02 10:19:13,152 [INFO] serial_rpc_logger: Response payload length: 2
2026-10-02 10:19:13,152 [INFO] serial_rpc_logger: Response payload: b'\x00\x01'
2026-10-02 10:19:13,152 [INFO] serial_rpc_logger: Response name: button_0_status
2026-10-02 10:19:13,152 [INFO] serial_rpc_logger: Setting value of button_0_status : button_0_state to 0
2026-10-02 10:19:13,152 [INFO] serial_rpc_logger: Setting value of button_0_status : button_0_press_count to 1
2026-10-02 10:19:13,153 [INFO] serial_rpc_logger: Request payload for request parameter button_1_status = [0]
2026-10-02 10:19:13,153 [INFO] serial_rpc_logger: Sending request payload: [0, 7, 1, 0, 0, 0, 0, 0, 0, 0, 0, 0, 0, 0, 0, 0, 0, 0, 0, 0, 0, 0, 0, 0, 0, 0, 0, 0, 0, 0, 0, 66]
2026-10-02 10:19:13,159 [INFO] serial_rpc_logger: Received a response from a bus target
2026-10-02 10:19:13,160 [INFO] serial_rpc_logger: Response packet ID: 7
2026-10-02 10:19:13,160 [INFO] serial_rpc_logger: Response payload length: 2
2026-10-02 10:19:13,161 [INFO] serial_rpc_logger: Response payload: b'\x01\x00'
2026-10-02 10:19:13,161 [INFO] serial_rpc_logger: Response name: button_1_status
2026-10-02 10:19:13,161 [INFO] serial_rpc_logger: Setting value of button_1_status : button_1_state to 1
2026-10-02 10:19:13,162 [INFO] serial_rpc_logger: Setting value of button_1_status : button_1_press_count to 0
2026-10-02 10:19:13,172 [INFO] serial_rpc_logger: Request payload for request parameter button_0_status = [0]
2026-10-02 10:19:13,172 [INFO] serial_rpc_logger: Sending request payload: [0, 5, 1, 0, 0, 0, 0, 0, 0, 0, 0, 0, 0, 0, 0, 0, 0, 0, 0, 0, 0, 0, 0, 0, 0, 0, 0, 0, 0, 0, 0, 223]
2026-10-02 10:19:13,185 [INFO] serial_rpc_logger: Received a response from a bus target
2026-10-02 10:19:13,186 [INFO] serial_rpc_logger: Response packet ID: 5
2026-10-02 10:19:13,186 [INFO] serial_rpc_logger: Response payload length: 2
2026-10-02 10:19:13,186 [INFO] serial_rpc_logger: Response payload: b'\x00\x01'
2026-10-02 10:19:13,186 [INFO] serial_rpc_logger: Response name: button_0_status
2026-10-02 10:19:13,187 [INFO] serial_rpc_logger: Setting value of button_0_status : button_0_state to 0
2026-10-02 10:19:13,187 [INFO] serial_rpc_logger: Setting value of button_0_status : button_0_press_count to 1
2026-10-02 10:19:13,187 [INFO] serial_rpc_logger: Request payload for request parameter button_1_status = [0]
2026-10-02 10:19:13,187 [INFO] serial_rpc_logger: Sending request payload: [0, 7, 1, 0, 0, 0, 0, 0, 0, 0, 0, 0, 0, 0, 0, 0, 0, 0, 0, 0, 0, 0, 0, 0, 0, 0, 0, 0, 0, 0, 0, 66]
2026-10-02 10:19:13,195 [INFO] serial_rpc_logger: Received a response from a bus target
2026-10-02 10:19:13,196 [INFO] serial_rpc_logger: Response packet ID: 7
2026-10-02 10:19:13,196 [INFO] serial_rpc_logger: Response payload length: 2
2026-10-02 10:19:13,196 [INFO] serial_rpc_logger: Response payload: b'\x01\x00'
2026-10-02 10:19:13,196 [INFO] serial_rpc_logger: Response name: button_1_status
2026-10-02 10:19:13,196 [INFO] serial_rpc_logger: Setting value of button_1_status : button_1_state to 1
2026-10-02 10:19:13,196 [INFO] serial_rpc_logger: Setting value of button_1_status : button_1_press_count to 0
2026-10-02 10:19:13,210 [INFO] serial_rpc_logger: Request payload for request parameter button_0_status = [0]
2026-10-02 10:19:13,210 [INFO] serial_rpc_logger: Sending request payload: [0, 5, 1, 0, 0, 0, 0, 0, 0, 0, 0, 0, 0, 0, 0, 0, 0, 0, 0, 0, 0, 0, 0, 0, 0, 0, 0, 0, 0, 0, 0, 223]
2026-10-02 10:19:13,217 [INFO] serial_rpc_logger: Received a response from a bus target
2026-10-02 10:19:13,217 [INFO] serial_rpc_logger: Response packet ID: 5
2026-10-02 10:19:13,217 [INFO] serial_rpc_logger: Response payload length: 2
2026-10-02 10:19:13,217 [INFO] serial_rpc_logger: Response payload: b'\x00\x01'
2026-10-02 10:19:13,218 [INFO] serial_rpc_logger: Response name: button_0_status
2026-10-02 10:19:13,218 [INFO] serial_rpc_logger: Setting value of button_0_status : button_0_state to 0
2026-10-02 10:19:13,218 [INFO] serial_rpc_logger: Setting value of button_0_status : button_0_press_count to 1
2026-10-02 10:19:13,218 [INFO] serial_rpc_logger: Request payload for request parameter button_1_status = [0]
2026-10-02 10:19:13,218 [INFO] serial_rpc_logger: Sending request payload: [0, 7, 1, 0, 0, 0, 0, 0, 0, 0, 0, 0, 0, 0, 0, 0, 0, 0, 0, 0, 0, 0, 0, 0, 0, 0, 0, 0, 0, 0, 0, 66]
2026-10-02 10:19:13,225 [INFO] serial_rpc_logger: Received a response from a bus target
2026-10-02 10:19:13,225 [INFO] serial_rpc_logger: Response packet ID: 7
2026-10-02 10:19:13,225 [INFO] serial_rpc_logger: Response payload length: 2
2026-10-02 10:19:13,225 [INFO] serial_rpc_logger: Response payload: b'\x01\x00'
2026-10-02 10:19:13,226 [INFO] serial_rpc_logger: Response name: button_1_status
2026-10-02 10:19:13,226 [INFO] serial_rpc_logger: Setting value of button_1_status : button_1_state to 1
2026-10-02 10:19:13,226 [INFO] serial_rpc_logger: Setting value of button_1_status : button_1_press_count to 0
2026-10-02 10:19:13,237 [INFO] serial_rpc_logger: Request payload for request parameter button_0_status = [0]
2026-10-02 10:19:13,239 [INFO] serial_rpc_logger: Sending request payload: [0, 5, 1, 0, 0, 0, 0, 0, 0, 0, 0, 0, 0, 0, 0, 0, 0, 0, 0, 0, 0, 0, 0, 0, 0, 0, 0, 0, 0, 0, 0, 223]
2026-10-02 10:19:13,245 [INFO] serial_rpc_logger: Received a response from a bus target
2026-10-02 10:19:13,246 [INFO] serial_rpc_logger: Response packet ID: 5
2026-10-02 10:19:13,246 [INFO] serial_rpc_logger: Response payload length: 2
2026-10-02 10:19:13,246 [INFO] serial_rpc_logger: Response payload: b'\x00\x01'
2026-10-02 10:19:13,246 [INFO] serial_rpc_logger: Response name: button_0_status
2026-10-02 10:19:13,247 [INFO] serial_rpc_logger: Setting value of button_0_status : button_0_state to 0
2026-10-02 10:19:13,247 [INFO] serial_rpc_logger: Setting value of button_0_status : button_0_press_count to 1
2026-10-02 10:19:13,247 [INFO] serial_rpc_logger: Request payload for request parameter button_1_status = [0]
2026-10-02 10:19:13,247 [INFO] serial_rpc_logger: Sending request payload: [0, 7, 1, 0, 0, 0, 0, 0, 0, 0, 0, 0, 0, 0, 0, 0, 0, 0, 0, 0, 0, 0, 0, 0, 0, 0, 0, 0, 0, 0, 0, 66]
2026-10-02 10:19:13,254 [INFO] serial_rpc_logger: Received a response from a bus target
2026-10-02 10:19:13,254 [INFO] serial_rpc_logger: Response packet ID: 7
2026-10-02 10:19:13,255 [INFO] serial_rpc_logger: Response payload length: 2
2026-10-02 10:19:13,255 [INFO] serial_rpc_logger: Response payload: b'\x01\x00'
2026-10-02 10:19:13,255 [INFO] serial_rpc_logger: Response name: button_1_status
2026-10-02 10:19:13,255 [INFO] serial_rpc_logger: Setting value of button_1_status : button_1_state to 1
2026-10-02 10:19:13,255 [INFO] serial_rpc_logger: Setting value of button_1_status : button_1_press_count to 0
2026-10-02 10:19:13,267 [INFO] serial_rpc_logger: Request payload for request parameter button_0_status = [0]
2026-10-02 10:19:13,268 [INFO] serial_rpc_logger: Sending request payload: [0, 5, 1, 0, 0, 0, 0, 0, 0, 0, 0, 0, 0, 0, 0, 0, 0, 0, 0, 0, 0, 0, 0, 0, 0, 0, 0, 0, 0, 0, 0, 223]
2026-10-02 10:19:13,274 [INFO] serial_rpc_logger: Received a response from a bus target
2026-10-02 10:19:13,274 [INFO] serial_rpc_logger: Response packet ID: 5
2026-10-02 10:19:13,275 [INFO] serial_rpc_logger: Response payload length: 2
2026-10-02 10:19:13,275 [INFO] serial_rpc_logger: Response payload: b'\x00\x01'
2026-10-02 10:19:13,275 [INFO] serial_rpc_logger: Response name: button_0_status
2026-10-02 10:19:13,275 [INFO] serial_rpc_logger: Setting value of button_0_status : button_0_state to 0
2026-10-02 10:19:13,275 [INFO] serial_rpc_logger: Setting value of button_0_status : button_0_press_count to 1
2026-10-02 10:19:13,276 [INFO] serial_rpc_logger: Request payload for request parameter button_1_status = [0]
2026-10-02 10:19:13,276 [INFO] serial_rpc_logger: Sending request payload: [0, 7, 1, 0, 0, 0, 0, 0, 0, 0, 0, 0, 0, 0, 0, 0, 0, 0, 0, 0, 0, 0, 0, 0, 0, 0, 0, 0, 0, 0, 0, 66]
2026-10-02 10:19:13,283 [INFO] serial_rpc_logger: Received a response from a bus target
2026-10-02 10:19:13,284 [INFO] serial_rpc_logger: Response packet ID: 7
2026-10-02 10:19:13,285 [INFO] serial_rpc_logger: Response payload length: 2
2026-10-02 10:19:13,285 [INFO] serial_rpc_logger: Response payload: b'\x01\x00'
2026-10-02 10:19:13,285 [INFO] serial_rpc_logger: Response name: button_1_status
2026-10-02 10:19:13,285 [INFO] serial_rpc_logger: Setting value of button_1_status : button_1_state to 1
2026-10-02 10:19:13,285 [INFO] serial_rpc_logger: Setting value of button_1_status : button_1_press_count to 0
2026-10-02 10:19:13,297 [INFO] serial_rpc_logger: Request payload for request parameter button_0_status = [0]
2026-10-02 10:19:13,298 [INFO] serial_rpc_logger: Sending request payload: [0, 5, 1, 0, 0, 0, 0, 0, 0, 0, 0, 0, 0, 0, 0, 0, 0, 0, 0, 0, 0, 0, 0, 0, 0, 0, 0, 0, 0, 0, 0, 223]
2026-10-02 10:19:13,305 [INFO] serial_rpc_logger: Received a response from a bus target
2026-10-02 10:19:13,305 [INFO] serial_rpc_logger: Response packet ID: 5
2026-10-02 10:19:13,305 [INFO] serial_rpc_logger: Response payload length: 2
2026-10-02 10:19:13,306 [INFO] serial_rpc_logger: Response payload: b'\x01\x02'
2026-10-02 10:19:13,306 [INFO] serial_rpc_logger: Response name: button_0_status
2026-10-02 10:19:13,306 [INFO] serial_rpc_logger: Setting value of button_0_status : button_0_state to 1
2026-10-02 10:19:13,306 [INFO] serial_rpc_logger: Setting value of button_0_status : button_0_press_count to 2
2026-10-02 10:19:13,306 [INFO] serial_rpc_logger: Request payload for request parameter button_1_status = [0]
2026-10-02 10:19:13,306 [INFO] serial_rpc_logger: Sending request payload: [0, 7, 1, 0, 0, 0, 0, 0, 0, 0, 0, 0, 0, 0, 0, 0, 0, 0, 0, 0, 0, 0, 0, 0, 0, 0, 0, 0, 0, 0, 0, 66]
2026-10-02 10:19:13,313 [INFO] serial_rpc_logger: Received a response from a bus target
2026-10-02 10:19:13,313 [INFO] serial_rpc_logger: Response packet ID: 7
2026-10-02 10:19:13,314 [INFO] serial_rpc_logger: Response payload length: 2
2026-10-02 10:19:13,314 [INFO] serial_rpc_logger: Response payload: b'\x01\x00'
2026-10-02 10:19:13,314 [INFO] serial_rpc_logger: Response name: button_1_status
2026-10-02 10:19:13,314 [INFO] serial_rpc_logger: Setting value of button_1_status : button_1_state to 1
2026-10-02 10:19:13,314 [INFO] serial_rpc_logger: Setting value of button_1_status : button_1_press_count to 0
2026-10-02 10:19:13,325 [INFO] serial_rpc_logger: Request payload for request parameter button_0_status = [0]
2026-10-02 10:19:13,325 [INFO] serial_rpc_logger: Sending request payload: [0, 5, 1, 0, 0, 0, 0, 0, 0, 0, 0, 0, 0, 0, 0, 0, 0, 0, 0, 0, 0, 0, 0, 0, 0, 0, 0, 0, 0, 0, 0, 223]
2026-10-02 10:19:13,332 [INFO] serial_rpc_logger: Received a response from a bus target
2026-10-02 10:19:13,333 [INFO] serial_rpc_logger: Response packet ID: 5
2026-10-02 10:19:13,334 [INFO] serial_rpc_logger: Response payload length: 2
2026-10-02 10:19:13,334 [INFO] serial_rpc_logger: Response payload: b'\x01\x02'
2026-10-02 10:19:13,334 [INFO] serial_rpc_logger: Response name: button_0_status
2026-10-02 10:19:13,335 [INFO] serial_rpc_logger: Setting value of button_0_status : button_0_state to 1
2026-10-02 10:19:13,335 [INFO] serial_rpc_logger: Setting value of button_0_status : button_0_press_count to 2
2026-10-02 10:19:13,335 [INFO] serial_rpc_logger: Request payload for request parameter button_1_status = [0]
2026-10-02 10:19:13,335 [INFO] serial_rpc_logger: Sending request payload: [0, 7, 1, 0, 0, 0, 0, 0, 0, 0, 0, 0, 0, 0, 0, 0, 0, 0, 0, 0, 0, 0, 0, 0, 0, 0, 0, 0, 0, 0, 0, 66]
2026-10-02 10:19:13,342 [INFO] serial_rpc_logger: Received a response from a bus target
2026-10-02 10:19:13,342 [INFO] serial_rpc_logger: Response packet ID: 7
2026-10-02 10:19:13,343 [INFO] serial_rpc_logger: Response payload length: 2
2026-10-02 10:19:13,343 [INFO] serial_rpc_logger: Response payload: b'\x01\x00'
2026-10-02 10:19:13,343 [INFO] serial_rpc_logger: Response name: button_1_status
2026-10-02 10:19:13,343 [INFO] serial_rpc_logger: Setting value of button_1_status : button_1_state to 1
2026-10-02 10:19:13,343 [INFO] serial_rpc_logger: Setting value of button_1_status : button_1_press_count to 0
2026-10-02 10:19:13,354 [INFO] serial_rpc_logger: Request payload for request parameter button_0_status = [0]
2026-10-02 10:19:13,355 [INFO] serial_rpc_logger: Sending request payload: [0, 5, 1, 0, 0, 0, 0, 0, 0, 0, 0, 0, 0, 0, 0, 0, 0, 0, 0, 0, 0, 0, 0, 0, 0, 0, 0, 0, 0, 0, 0, 223]
2026-10-02 10:19:13,361 [INFO] serial_rpc_logger: Received a response from a bus target
2026-10-02 10:19:13,362 [INFO] serial_rpc_logger: Response packet ID: 5
2026-10-02 10:19:13,362 [INFO] serial_rpc_logger: Response payload length: 2
2026-10-02 10:19:13,363 [INFO] serial_rpc_logger: Response payload: b'\x01\x02'
2026-10-02 10:19:13,363 [INFO] serial_rpc_logger: Response name: button_0_status
2026-10-02 10:19:13,364 [INFO] serial_rpc_logger: Setting value of button_0_status : button_0_state to 1
2026-10-02 10:19:13,364 [INFO] serial_rpc_logger: Setting value of button_0_status : button_0_press_count to 2
2026-10-02 10:19:13,364 [INFO] serial_rpc_logger: Request payload for request parameter button_1_status = [0]
2026-10-02 10:19:13,364 [INFO] serial_rpc_logger: Sending request payload: [0, 7, 1, 0, 0, 0, 0, 0, 0, 0, 0, 0, 0, 0, 0, 0, 0, 0, 0, 0, 0, 0, 0, 0, 0, 0, 0, 0, 0, 0, 0, 66]
2026-10-02 10:19:13,371 [INFO] serial_rpc_logger: Received a response from a bus target
2026-10-02 10:19:13,372 [INFO] serial_rpc_logger: Response packet ID: 7
2026-10-02 10:19:13,372 [INFO] serial_rpc_logger: Response payload length: 2
2026-10-02 10:19:13,372 [INFO] serial_rpc_logger: Response payload: b'\x01\x00'
2026-10-02 10:19:13,372 [INFO] serial_rpc_logger: Response name: button_1_status
2026-10-02 10:19:13,372 [INFO] serial_rpc_logger: Setting value of button_1_status : button_1_state to 1
2026-10-02 10:19:13,372 [INFO] serial_rpc_logger: Setting value of button_1_status : button_1_press_count to 0
2026-10-02 10:19:13,384 [INFO] serial_rpc_logger: Request payload for request parameter button_0_status = [0]
2026-10-02 10:19:13,384 [INFO] serial_rpc_logger: Sending request payload: [0, 5, 1, 0, 0, 0, 0, 0, 0, 0, 0, 0, 0, 0, 0, 0, 0, 0, 0, 0, 0, 0, 0, 0, 0, 0, 0, 0, 0, 0, 0, 223]
2026-10-02 10:19:13,391 [INFO] serial_rpc_logger: Received a response from a bus target
2026-10-02 10:19:13,391 [INFO] serial_rpc_logger: Response packet ID: 5
2026-10-02 10:19:13,391 [INFO] serial_rpc_logger: Response payload length: 2
2026-10-02 10:19:13,391 [INFO] serial_rpc_logger: Response payload: b'\x01\x02'
2026-10-02 10:19:13,391 [INFO] serial_rpc_logger: Response name: button_0_status
2026-10-02 10:19:13,391 [INFO] serial_rpc_logger: Setting value of button_0_status : button_0_state to 1
2026-10-02 10:19:13,392 [INFO] serial_rpc_logger: Setting value of button_0_status : button_0_press_count to 2
2026-10-02 10:19:13,392 [INFO] serial_rpc_logger: Request payload for request parameter button_1_status = [0]
2026-10-02 10:19:13,392 [INFO] serial_rpc_logger: Sending request payload: [0, 7, 1, 0, 0, 0, 0, 0, 0, 0, 0, 0, 0, 0, 0, 0, 0, 0, 0, 0, 0, 0, 0, 0, 0, 0, 0, 0, 0, 0, 0, 66]
2026-10-02 10:19:13,398 [INFO] serial_rpc_logger: Received a response from a bus target
2026-10-02 10:19:13,399 [INFO] serial_rpc_logger: Response packet ID: 7
2026-10-02 10:19:13,400 [INFO] serial_rpc_logger: Response payload length: 2
2026-10-02 10:19:13,401 [INFO] serial_rpc_logger: Response payload: b'\x01\x00'
2026-10-02 10:19:13,402 [INFO] serial_rpc_logger: Response name: button_1_status
2026-10-02 10:19:13,402 [INFO] serial_rpc_logger: Setting value of button_1_status : button_1_state to 1
2026-10-02 10:19:13,402 [INFO] serial_rpc_logger: Setting value of button_1_status : button_1_press_count to 0
2026-10-02 10:19:13,413 [INFO] serial_rpc_logger: Request payload for request parameter button_0_status = [0]
2026-10-02 10:19:13,414 [INFO] serial_rpc_logger: Sending request payload: [0, 5, 1, 0, 0, 0, 0, 0, 0, 0, 0, 0, 0, 0, 0, 0, 0, 0, 0, 0, 0, 0, 0, 0, 0, 0, 0, 0, 0, 0, 0, 223]
2026-10-02 10:19:13,421 [INFO] serial_rpc_logger: Received a response from a bus target
2026-10-02 10:19:13,421 [INFO] serial_rpc_logger: Response packet ID: 5
2026-10-02 10:19:13,421 [INFO] serial_rpc_logger: Response payload length: 2
2026-10-02 10:19:13,422 [INFO] serial_rpc_logger: Response payload: b'\x01\x02'
2026-10-02 10:19:13,422 [INFO] serial_rpc_logger: Response name: button_0_status
2026-10-02 10:19:13,422 [INFO] serial_rpc_logger: Setting value of button_0_status : button_0_state to 1
2026-10-02 10:19:13,422 [INFO] serial_rpc_logger: Setting value of button_0_status : button_0_press_count to 2
2026-10-02 10:19:13,422 [INFO] serial_rpc_logger: Request payload for request parameter button_1_status = [0]
2026-10-02 10:19:13,423 [INFO] serial_rpc_logger: Sending request payload: [0, 7, 1, 0, 0, 0, 0, 0, 0, 0, 0, 0, 0, 0, 0, 0, 0, 0, 0, 0, 0, 0, 0, 0, 0, 0, 0, 0, 0, 0, 0, 66]
2026-10-02 10:19:13,429 [INFO] serial_rpc_logger: Received a response from a bus target
2026-10-02 10:19:13,430 [INFO] serial_rpc_logger: Response packet ID: 7
2026-10-02 10:19:13,430 [INFO] serial_rpc_logger: Response payload length: 2
2026-10-02 10:19:13,430 [INFO] serial_rpc_logger: Response payload: b'\x01\x00'
2026-10-02 10:19:13,430 [INFO] serial_rpc_logger: Response name: button_1_status
2026-10-02 10:19:13,430 [INFO] serial_rpc_logger: Setting value of button_1_status : button_1_state to 1
2026-10-02 10:19:13,430 [INFO] serial_rpc_logger: Setting value of button_1_status : button_1_press_count to 0
2026-10-02 10:19:13,441 [INFO] serial_rpc_logger: Request payload for request parameter button_0_status = [0]
2026-10-02 10:19:13,441 [INFO] serial_rpc_logger: Sending request payload: [0, 5, 1, 0, 0, 0, 0, 0, 0, 0, 0, 0, 0, 0, 0, 0, 0, 0, 0, 0, 0, 0, 0, 0, 0, 0, 0, 0, 0, 0, 0, 223]
2026-10-02 10:19:13,448 [INFO] serial_rpc_logger: Received a response from a bus target
2026-10-02 10:19:13,449 [INFO] serial_rpc_logger: Response packet ID: 5
2026-10-02 10:19:13,449 [INFO] serial_rpc_logger: Response payload length: 2
2026-10-02 10:19:13,450 [INFO] serial_rpc_logger: Response payload: b'\x01\x02'
2026-10-02 10:19:13,450 [INFO] serial_rpc_logger: Response name: button_0_status
2026-10-02 10:19:13,450 [INFO] serial_rpc_logger: Setting value of button_0_status : button_0_state to 1
2026-10-02 10:19:13,451 [INFO] serial_rpc_logger: Setting value of button_0_status : button_0_press_count to 2
2026-10-02 10:19:13,451 [INFO] serial_rpc_logger: Request payload for request parameter button_1_status = [0]
2026-10-02 10:19:13,451 [INFO] serial_rpc_logger: Sending request payload: [0, 7, 1, 0, 0, 0, 0, 0, 0, 0, 0, 0, 0, 0, 0, 0, 0, 0, 0, 0, 0, 0, 0, 0, 0, 0, 0, 0, 0, 0, 0, 66]
2026-10-02 10:19:13,458 [INFO] serial_rpc_logger: Received a response from a bus target
2026-10-02 10:19:13,458 [INFO] serial_rpc_logger: Response packet ID: 7
2026-10-02 10:19:13,458 [INFO] serial_rpc_logger: Response payload length: 2
2026-10-02 10:19:13,458 [INFO] serial_rpc_logger: Response payload: b'\x01\x00'
2026-10-02 10:19:13,459 [INFO] serial_rpc_logger: Response name: button_1_status
2026-10-02 10:19:13,459 [INFO] serial_rpc_logger: Setting value of button_1_status : button_1_state to 1
2026-10-02 10:19:13,459 [INFO] serial_rpc_logger: Setting value of button_1_status : button_1_press_count to 0
2026-10-02 10:19:13,470 [INFO] serial_rpc_logger: Request payload for request parameter button_0_status = [0]
2026-10-02 10:19:13,470 [INFO] serial_rpc_logger: Sending request payload: [0, 5, 1, 0, 0, 0, 0, 0, 0, 0, 0, 0, 0, 0, 0, 0, 0, 0, 0, 0, 0, 0, 0, 0, 0, 0, 0, 0, 0, 0, 0, 223]
2026-10-02 10:19:13,477 [INFO] serial_rpc_logger: Received a response from a bus target
2026-10-02 10:19:13,478 [INFO] serial_rpc_logger: Response packet ID: 5
2026-10-02 10:19:13,479 [INFO] serial_rpc_logger: Response payload length: 2
2026-10-02 10:19:13,479 [INFO] serial_rpc_logger: Response payload: b'\x01\x02'
2026-10-02 10:19:13,480 [INFO] serial_rpc_logger: Response name: button_0_status
2026-10-02 10:19:13,482 [INFO] serial_rpc_logger: Setting value of button_0_status : button_0_state to 1
2026-10-02 10:19:13,482 [INFO] serial_rpc_logger: Setting value of button_0_status : button_0_press_count to 2
2026-10-02 10:19:13,482 [INFO] serial_rpc_logger: Request payload for request parameter button_1_status = [0]
2026-10-02 10:19:13,483 [INFO] serial_rpc_logger: Sending request payload: [0, 7, 1, 0, 0, 0, 0, 0, 0, 0, 0, 0, 0, 0, 0, 0, 0, 0, 0, 0, 0, 0, 0, 0, 0, 0, 0, 0, 0, 0, 0, 66]
2026-10-02 10:19:13,491 [INFO] serial_rpc_logger: Received a response from a bus target
2026-10-02 10:19:13,491 [INFO] serial_rpc_logger: Response packet ID: 7
2026-10-02 10:19:13,491 [INFO] serial_rpc_logger: Response payload length: 2
2026-10-02 10:19:13,492 [INFO] serial_rpc_logger: Response payload: b'\x01\x00'
2026-10-02 10:19:13,492 [INFO] serial_rpc_logger: Response name: button_1_status
2026-10-02 10:19:13,492 [INFO] serial_rpc_logger: Setting value of button_1_status : button_1_state to 1
2026-10-02 10:19:13,492 [INFO] serial_rpc_logger: Setting value of button_1_status : button_1_press_count to 0
2026-10-02 10:19:13,505 [INFO] serial_rpc_logger: Request payload for request parameter button_0_status = [0]
2026-10-02 10:19:13,505 [INFO] serial_rpc_logger: Sending request payload: [0, 5, 1, 0, 0, 0, 0, 0, 0, 0, 0, 0, 0, 0, 0, 0, 0, 0, 0, 0, 0, 0, 0, 0, 0, 0, 0, 0, 0, 0, 0, 223]
2026-10-02 10:19:13,511 [INFO] serial_rpc_logger: Received a response from a bus target
2026-10-02 10:19:13,512 [INFO] serial_rpc_logger: Response packet ID: 5
2026-10-02 10:19:13,512 [INFO] serial_rpc_logger: Response payload length: 2
2026-10-02 10:19:13,513 [INFO] serial_rpc_logger: Response payload: b'\x01\x02'
2026-10-02 10:19:13,513 [INFO] serial_rpc_logger: Response name: button_0_status
2026-10-02 10:19:13,513 [INFO] serial_rpc_logger: Setting value of button_0_status : button_0_state to 1
2026-10-02 10:19:13,513 [INFO] serial_rpc_logger: Setting value of button_0_status : button_0_press_count to 2
2026-10-02 10:19:13,514 [INFO] serial_rpc_logger: Request payload for request parameter button_1_status = [0]
2026-10-02 10:19:13,514 [INFO] serial_rpc_logger: Sending request payload: [0, 7, 1, 0, 0, 0, 0, 0, 0, 0, 0, 0, 0, 0, 0, 0, 0, 0, 0, 0, 0, 0, 0, 0, 0, 0, 0, 0, 0, 0, 0, 66]
2026-10-02 10:19:13,521 [INFO] serial_rpc_logger: Received a response from a bus target
2026-10-02 10:19:13,521 [INFO] serial_rpc_logger: Response packet ID: 7
2026-10-02 10:19:13,521 [INFO] serial_rpc_logger: Response payload length: 2
2026-10-02 10:19:13,522 [INFO] serial_rpc_logger: Response payload: b'\x01\x00'
2026-10-02 10:19:13,522 [INFO] serial_rpc_logger: Response name: button_1_status
2026-10-02 10:19:13,522 [INFO] serial_rpc_logger: Setting value of button_1_status : button_1_state to 1
2026-10-02 10:19:13,522 [INFO] serial_rpc_logger: Setting value of button_1_status : button_1_press_count to 0
2026-10-02 10:19:13,532 [INFO] serial_rpc_logger: Request payload for request parameter button_0_status = [0]
2026-10-02 10:19:13,534 [INFO] serial_rpc_logger: Sending request payload: [0, 5, 1, 0, 0, 0, 0, 0, 0, 0, 0, 0, 0, 0, 0, 0, 0, 0, 0, 0, 0, 0, 0, 0, 0, 0, 0, 0, 0, 0, 0, 223]
2026-10-02 10:19:13,540 [INFO] serial_rpc_logger: Received a response from a bus target
2026-10-02 10:19:13,540 [INFO] serial_rpc_logger: Response packet ID: 5
2026-10-02 10:19:13,541 [INFO] serial_rpc_logger: Response payload length: 2
2026-10-02 10:19:13,541 [INFO] serial_rpc_logger: Response payload: b'\x01\x02'
2026-10-02 10:19:13,541 [INFO] serial_rpc_logger: Response name: button_0_status
2026-10-02 10:19:13,541 [INFO] serial_rpc_logger: Setting value of button_0_status : button_0_state to 1
2026-10-02 10:19:13,541 [INFO] serial_rpc_logger: Setting value of button_0_status : button_0_press_count to 2
2026-10-02 10:19:13,541 [INFO] serial_rpc_logger: Request payload for request parameter button_1_status = [0]
2026-10-02 10:19:13,541 [INFO] serial_rpc_logger: Sending request payload: [0, 7, 1, 0, 0, 0, 0, 0, 0, 0, 0, 0, 0, 0, 0, 0, 0, 0, 0, 0, 0, 0, 0, 0, 0, 0, 0, 0, 0, 0, 0, 66]
2026-10-02 10:19:13,548 [INFO] serial_rpc_logger: Received a response from a bus target
2026-10-02 10:19:13,548 [INFO] serial_rpc_logger: Response packet ID: 7
2026-10-02 10:19:13,548 [INFO] serial_rpc_logger: Response payload length: 2
2026-10-02 10:19:13,548 [INFO] serial_rpc_logger: Response payload: b'\x01\x00'
2026-10-02 10:19:13,549 [INFO] serial_rpc_logger: Response name: button_1_status
2026-10-02 10:19:13,549 [INFO] serial_rpc_logger: Setting value of button_1_status : button_1_state to 1
2026-10-02 10:19:13,549 [INFO] serial_rpc_logger: Setting value of button_1_status : button_1_press_count to 0
2026-10-02 10:19:13,559 [INFO] serial_rpc_logger: Request payload for request parameter button_0_status = [0]
2026-10-02 10:19:13,560 [INFO] serial_rpc_logger: Sending request payload: [0, 5, 1, 0, 0, 0, 0, 0, 0, 0, 0, 0, 0, 0, 0, 0, 0, 0, 0, 0, 0, 0, 0, 0, 0, 0, 0, 0, 0, 0, 0, 223]
2026-10-02 10:19:13,566 [INFO] serial_rpc_logger: Received a response from a bus target
2026-10-02 10:19:13,567 [INFO] serial_rpc_logger: Response packet ID: 5
2026-10-02 10:19:13,567 [INFO] serial_rpc_logger: Response payload length: 2
2026-10-02 10:19:13,567 [INFO] serial_rpc_logger: Response payload: b'\x01\x02'
2026-10-02 10:19:13,567 [INFO] serial_rpc_logger: Response name: button_0_status
2026-10-02 10:19:13,568 [INFO] serial_rpc_logger: Setting value of button_0_status : button_0_state to 1
2026-10-02 10:19:13,568 [INFO] serial_rpc_logger: Setting value of button_0_status : button_0_press_count to 2
2026-10-02 10:19:13,568 [INFO] serial_rpc_logger: Request payload for request parameter button_1_status = [0]
2026-10-02 10:19:13,568 [INFO] serial_rpc_logger: Sending request payload: [0, 7, 1, 0, 0, 0, 0, 0, 0, 0, 0, 0, 0, 0, 0, 0, 0, 0, 0, 0, 0, 0, 0, 0, 0, 0, 0, 0, 0, 0, 0, 66]
2026-10-02 10:19:13,575 [INFO] serial_rpc_logger: Received a response from a bus target
2026-10-02 10:19:13,575 [INFO] serial_rpc_logger: Response packet ID: 7
2026-10-02 10:19:13,576 [INFO] serial_rpc_logger: Response payload length: 2
2026-10-02 10:19:13,576 [INFO] serial_rpc_logger: Response payload: b'\x01\x00'
2026-10-02 10:19:13,576 [INFO] serial_rpc_logger: Response name: button_1_status
2026-10-02 10:19:13,576 [INFO] serial_rpc_logger: Setting value of button_1_status : button_1_state to 1
2026-10-02 10:19:13,576 [INFO] serial_rpc_logger: Setting value of button_1_status : button_1_press_count to 0
2026-10-02 10:19:13,588 [INFO] serial_rpc_logger: Request payload for request parameter button_0_status = [0]
2026-10-02 10:19:13,588 [INFO] serial_rpc_logger: Sending request payload: [0, 5, 1, 0, 0, 0, 0, 0, 0, 0, 0, 0, 0, 0, 0, 0, 0, 0, 0, 0, 0, 0, 0, 0, 0, 0, 0, 0, 0, 0, 0, 223]
2026-10-02 10:19:13,595 [INFO] serial_rpc_logger: Received a response from a bus target
2026-10-02 10:19:13,596 [INFO] serial_rpc_logger: Response packet ID: 5
2026-10-02 10:19:13,596 [INFO] serial_rpc_logger: Response payload length: 2
2026-10-02 10:19:13,596 [INFO] serial_rpc_logger: Response payload: b'\x01\x02'
2026-10-02 10:19:13,596 [INFO] serial_rpc_logger: Response name: button_0_status
2026-10-02 10:19:13,596 [INFO] serial_rpc_logger: Setting value of button_0_status : button_0_state to 1
2026-10-02 10:19:13,596 [INFO] serial_rpc_logger: Setting value of button_0_status : button_0_press_count to 2
2026-10-02 10:19:13,596 [INFO] serial_rpc_logger: Request payload for request parameter button_1_status = [0]
2026-10-02 10:19:13,597 [INFO] serial_rpc_logger: Sending request payload: [0, 7, 1, 0, 0, 0, 0, 0, 0, 0, 0, 0, 0, 0, 0, 0, 0, 0, 0, 0, 0, 0, 0, 0, 0, 0, 0, 0, 0, 0, 0, 66]
2026-10-02 10:19:13,603 [INFO] serial_rpc_logger: Received a response from a bus target
2026-10-02 10:19:13,603 [INFO] serial_rpc_logger: Response packet ID: 7
2026-10-02 10:19:13,604 [INFO] serial_rpc_logger: Response payload length: 2
2026-10-02 10:19:13,604 [INFO] serial_rpc_logger: Response payload: b'\x01\x00'
2026-10-02 10:19:13,604 [INFO] serial_rpc_logger: Response name: button_1_status
2026-10-02 10:19:13,604 [INFO] serial_rpc_logger: Setting value of button_1_status : button_1_state to 1
2026-10-02 10:19:13,604 [INFO] serial_rpc_logger: Setting value of button_1_status : button_1_press_count to 0
2026-10-02 10:19:13,622 [INFO] serial_rpc_logger: Received a control and status packet from bus target
2026-10-02 10:19:13,629 [INFO] serial_rpc_logger: Received a control and status packet from bus target
2026-10-02 10:19:13,629 [INFO] serial_rpc_logger: Notification buffer size: 32
2026-10-02 10:19:13,629 [INFO] serial_rpc_logger: Notification buffer count: 0
